start_time,caller_service,callee_service,operation
1675078732052000000,ts-gateway-service-6f6cfc45b-d9pnv,ts-travel2-service-5c66d57d58-zxw8n,/api/v1/travel2service/trips/left
1675078732060000000,ts-travel2-service-5c66d57d58-zxw8n,ts-basic-service-5dc8d4f9fd-llznp,/api/v1/basicservice/basic/travels
1675078732064000000,ts-basic-service-5dc8d4f9fd-llznp,ts-station-service-7f4f5f6f77-hp2zq,/api/v1/stationservice/stations/idlist
1675078732070000000,ts-basic-service-5dc8d4f9fd-llznp,ts-train-service-86f5f97bc9-tlpss,/api/v1/trainservice/trains/byNames
1675078732077000000,ts-basic-service-5dc8d4f9fd-llznp,ts-route-service-b6c59fb57-dz9bw,/api/v1/routeservice/routes/byIds/
1675078732755000000,ts-basic-service-5dc8d4f9fd-llznp,ts-price-service-76846864d9-nmjz7,/api/v1/priceservice/prices/byRouteIdsAndTrainTypes
1675078732769000000,ts-travel2-service-5c66d57d58-zxw8n,ts-seat-service-5c95b49cff-mxdsg,/api/v1/seatservice/seats/left_tickets
1675078732775000000,ts-seat-service-5c95b49cff-mxdsg,ts-order-other-service-6cdbf9b4cc-swvb5,/api/v1/orderOtherService/orderOther/tickets
1675078732783000000,ts-seat-service-5c95b49cff-mxdsg,ts-config-service-5fcd447d84-9qltf,/api/v1/configservice/configs/{configName}
1675078732815000000,ts-travel2-service-5c66d57d58-zxw8n,ts-seat-service-5c95b49cff-mxdsg,/api/v1/seatservice/seats/left_tickets
1675078732819000000,ts-seat-service-5c95b49cff-mxdsg,ts-order-other-service-6cdbf9b4cc-swvb5,/api/v1/orderOtherService/orderOther/tickets
1675078732824000000,ts-seat-service-5c95b49cff-mxdsg,ts-config-service-5fcd447d84-9qltf,/api/v1/configservice/configs/{configName}
1675078733046000000,ts-gateway-service-6f6cfc45b-d9pnv,ts-auth-service-7f8d7d756d-kzp47,/api/v1/users/login
1675078733054000000,ts-auth-service-7f8d7d756d-kzp47,ts-verification-code-service-7b6dc75c45-r66rb,/api/v1/verifycode/verify/{verifyCode}
1675078733384000000,ts-gateway-service-6f6cfc45b-d9pnv,ts-travel2-service-5c66d57d58-zxw8n,/api/v1/travel2service/trips/left
1675078733391000000,ts-travel2-service-5c66d57d58-zxw8n,ts-basic-service-5dc8d4f9fd-llznp,/api/v1/basicservice/basic/travels
1675078733394000000,ts-basic-service-5dc8d4f9fd-llznp,ts-station-service-7f4f5f6f77-hp2zq,/api/v1/stationservice/stations/idlist
1675078733399000000,ts-basic-service-5dc8d4f9fd-llznp,ts-train-service-86f5f97bc9-tlpss,/api/v1/trainservice/trains/byNames
1675078733405000000,ts-basic-service-5dc8d4f9fd-llznp,ts-route-service-b6c59fb57-dz9bw,/api/v1/routeservice/routes/byIds/
1675078733423000000,ts-basic-service-5dc8d4f9fd-llznp,ts-price-service-76846864d9-nmjz7,/api/v1/priceservice/prices/byRouteIdsAndTrainTypes
1675078733435000000,ts-travel2-service-5c66d57d58-zxw8n,ts-seat-service-5c95b49cff-mxdsg,/api/v1/seatservice/seats/left_tickets
1675078733440000000,ts-seat-service-5c95b49cff-mxdsg,ts-order-other-service-6cdbf9b4cc-swvb5,/api/v1/orderOtherService/orderOther/tickets
1675078733446000000,ts-seat-service-5c95b49cff-mxdsg,ts-config-service-5fcd447d84-9qltf,/api/v1/configservice/configs/{configName}
1675078733454000000,ts-travel2-service-5c66d57d58-zxw8n,ts-seat-service-5c95b49cff-mxdsg,/api/v1/seatservice/seats/left_tickets
1675078733458000000,ts-seat-service-5c95b49cff-mxdsg,ts-order-other-service-6cdbf9b4cc-swvb5,/api/v1/orderOtherService/orderOther/tickets
1675078733463000000,ts-seat-service-5c95b49cff-mxdsg,ts-config-service-5fcd447d84-9qltf,/api/v1/configservice/configs/{configName}
1675078733504000000,ts-gateway-service-6f6cfc45b-d9pnv,ts-food-service-f5756978c-6sb8t,/api/v1/foodservice/foods/{date}/{startStation}/{endStation}/{tripId}
1675078733510000000,ts-food-service-f5756978c-6sb8t,ts-train-food-service-59bbbdd99b-cz98n,/api/v1/trainfoodservice/trainfoods/{tripId}
1675078733523000000,ts-food-service-f5756978c-6sb8t,ts-travel-service-64469b5b48-5rjvb,/api/v1/travelservice/routes/{tripId}
1675078733534000000,ts-travel-service-64469b5b48-5rjvb,ts-route-service-b6c59fb57-dz9bw,/api/v1/routeservice/routes/{routeId}
1675078733556000000,ts-food-service-f5756978c-6sb8t,ts-station-food-service-dc4d75dd-k65k2,/api/v1/stationfoodservice/stationfoodstores
1675078733608000000,ts-gateway-service-6f6cfc45b-d9pnv,ts-preserve-other-service-66646bdb5b-l8hp6,/api/v1/preserveotherservice/preserveOther
1675078733614000000,ts-preserve-other-service-66646bdb5b-l8hp6,ts-security-service-cb9788d56-bdkcx,/api/v1/securityservice/securityConfigs/{accountId}
1675078733621000000,ts-security-service-cb9788d56-bdkcx,ts-order-service-5b67c48447-fj8b7,/api/v1/orderservice/order/security/{checkDate}/{accountId}
1675078733636000000,ts-security-service-cb9788d56-bdkcx,ts-order-other-service-6cdbf9b4cc-swvb5,/api/v1/orderOtherService/orderOther/security/{checkDate}/{accountId}
1675078733653000000,ts-preserve-other-service-66646bdb5b-l8hp6,ts-contacts-service-866bd68c97-dzqgd,/api/v1/contactservice/contacts/{id}
1675078733670000000,ts-preserve-other-service-66646bdb5b-l8hp6,ts-travel2-service-5c66d57d58-zxw8n,/api/v1/travel2service/trip_detail
1675078733675000000,ts-travel2-service-5c66d57d58-zxw8n,ts-basic-service-5dc8d4f9fd-llznp,/api/v1/basicservice/basic/travel
1675078733678000000,ts-basic-service-5dc8d4f9fd-llznp,ts-station-service-7f4f5f6f77-hp2zq,/api/v1/stationservice/stations/id/{stationNameForId}
1675078733683000000,ts-basic-service-5dc8d4f9fd-llznp,ts-station-service-7f4f5f6f77-hp2zq,/api/v1/stationservice/stations/id/{stationNameForId}
1675078733686000000,ts-basic-service-5dc8d4f9fd-llznp,ts-train-service-86f5f97bc9-tlpss,/api/v1/trainservice/trains/byName/{name}
1675078733691000000,ts-basic-service-5dc8d4f9fd-llznp,ts-route-service-b6c59fb57-dz9bw,/api/v1/routeservice/routes/{routeId}
1675078733704000000,ts-basic-service-5dc8d4f9fd-llznp,ts-price-service-76846864d9-nmjz7,/api/v1/priceservice/prices/{routeId}/{trainType}
1675078733716000000,ts-travel2-service-5c66d57d58-zxw8n,ts-seat-service-5c95b49cff-mxdsg,/api/v1/seatservice/seats/left_tickets
1675078733721000000,ts-seat-service-5c95b49cff-mxdsg,ts-order-other-service-6cdbf9b4cc-swvb5,/api/v1/orderOtherService/orderOther/tickets
1675078733733000000,ts-seat-service-5c95b49cff-mxdsg,ts-config-service-5fcd447d84-9qltf,/api/v1/configservice/configs/{configName}
1675078733965000000,ts-travel2-service-5c66d57d58-zxw8n,ts-seat-service-5c95b49cff-mxdsg,/api/v1/seatservice/seats/left_tickets
1675078733969000000,ts-seat-service-5c95b49cff-mxdsg,ts-order-other-service-6cdbf9b4cc-swvb5,/api/v1/orderOtherService/orderOther/tickets
1675078733997000000,ts-seat-service-5c95b49cff-mxdsg,ts-config-service-5fcd447d84-9qltf,/api/v1/configservice/configs/{configName}
1675078734037000000,ts-preserve-other-service-66646bdb5b-l8hp6,ts-basic-service-5dc8d4f9fd-llznp,/api/v1/basicservice/basic/travel
1675078734040000000,ts-basic-service-5dc8d4f9fd-llznp,ts-station-service-7f4f5f6f77-hp2zq,/api/v1/stationservice/stations/id/{stationNameForId}
1675078734044000000,ts-basic-service-5dc8d4f9fd-llznp,ts-station-service-7f4f5f6f77-hp2zq,/api/v1/stationservice/stations/id/{stationNameForId}
1675078734048000000,ts-basic-service-5dc8d4f9fd-llznp,ts-train-service-86f5f97bc9-tlpss,/api/v1/trainservice/trains/byName/{name}
1675078734056000000,ts-basic-service-5dc8d4f9fd-llznp,ts-route-service-b6c59fb57-dz9bw,/api/v1/routeservice/routes/{routeId}
1675078734066000000,ts-basic-service-5dc8d4f9fd-llznp,ts-price-service-76846864d9-nmjz7,/api/v1/priceservice/prices/{routeId}/{trainType}
1675078734077000000,ts-preserve-other-service-66646bdb5b-l8hp6,ts-seat-service-5c95b49cff-mxdsg,/api/v1/seatservice/seats
1675078734081000000,ts-seat-service-5c95b49cff-mxdsg,ts-order-other-service-6cdbf9b4cc-swvb5,/api/v1/orderOtherService/orderOther/tickets
1675078734098000000,ts-preserve-other-service-66646bdb5b-l8hp6,ts-order-other-service-6cdbf9b4cc-swvb5,/api/v1/orderOtherService/orderOther
1675078734114000000,ts-preserve-other-service-66646bdb5b-l8hp6,ts-assurance-service-69876c9868-wqgrl,/api/v1/assuranceservice/assurances/{typeIndex}/{orderId}
1675078734144000000,ts-preserve-other-service-66646bdb5b-l8hp6,ts-food-service-f5756978c-6sb8t,/api/v1/foodservice/orders
1675078734159000000,ts-food-service-f5756978c-6sb8t,ts-delivery-service-7d97b69596-gfnbr,food_delivery process
1675078734159000000,ts-food-service-f5756978c-6sb8t,ts-delivery-service-7d97b69596-gfnbr,food_delivery process
1675078734163000000,ts-preserve-other-service-66646bdb5b-l8hp6,ts-user-service-687d654649-f8jtd,/api/v1/userservice/users/id/{userId}
1675078734192000000,ts-gateway-service-6f6cfc45b-d9pnv,ts-travel-service-64469b5b48-5rjvb,/api/v1/travelservice/trips/left
1675078734205000000,ts-travel-service-64469b5b48-5rjvb,ts-basic-service-5dc8d4f9fd-llznp,/api/v1/basicservice/basic/travels
1675078734208000000,ts-basic-service-5dc8d4f9fd-llznp,ts-station-service-7f4f5f6f77-hp2zq,/api/v1/stationservice/stations/idlist
1675078734212000000,ts-basic-service-5dc8d4f9fd-llznp,ts-train-service-86f5f97bc9-tlpss,/api/v1/trainservice/trains/byNames
1675078734217000000,ts-basic-service-5dc8d4f9fd-llznp,ts-route-service-b6c59fb57-dz9bw,/api/v1/routeservice/routes/byIds/
1675078734235000000,ts-basic-service-5dc8d4f9fd-llznp,ts-price-service-76846864d9-nmjz7,/api/v1/priceservice/prices/byRouteIdsAndTrainTypes
1675078734248000000,ts-travel-service-64469b5b48-5rjvb,ts-seat-service-5c95b49cff-mxdsg,/api/v1/seatservice/seats/left_tickets
1675078734254000000,ts-seat-service-5c95b49cff-mxdsg,ts-order-service-5b67c48447-fj8b7,/api/v1/orderservice/order/tickets
1675078734261000000,ts-seat-service-5c95b49cff-mxdsg,ts-config-service-5fcd447d84-9qltf,/api/v1/configservice/configs/{configName}
1675078734299000000,ts-travel-service-64469b5b48-5rjvb,ts-seat-service-5c95b49cff-mxdsg,/api/v1/seatservice/seats/left_tickets
1675078734303000000,ts-seat-service-5c95b49cff-mxdsg,ts-order-service-5b67c48447-fj8b7,/api/v1/orderservice/order/tickets
1675078734333000000,ts-seat-service-5c95b49cff-mxdsg,ts-config-service-5fcd447d84-9qltf,/api/v1/configservice/configs/{configName}
1675078734353000000,ts-gateway-service-6f6cfc45b-d9pnv,ts-food-service-f5756978c-6sb8t,/api/v1/foodservice/foods/{date}/{startStation}/{endStation}/{tripId}
1675078734357000000,ts-food-service-f5756978c-6sb8t,ts-train-food-service-59bbbdd99b-cz98n,/api/v1/trainfoodservice/trainfoods/{tripId}
1675078734366000000,ts-food-service-f5756978c-6sb8t,ts-travel-service-64469b5b48-5rjvb,/api/v1/travelservice/routes/{tripId}
1675078734370000000,ts-travel-service-64469b5b48-5rjvb,ts-route-service-b6c59fb57-dz9bw,/api/v1/routeservice/routes/{routeId}
1675078734383000000,ts-food-service-f5756978c-6sb8t,ts-station-food-service-dc4d75dd-k65k2,/api/v1/stationfoodservice/stationfoodstores
1675078734451000000,ts-gateway-service-6f6cfc45b-d9pnv,ts-preserve-service-b5ccf8557-l5l4p,/api/v1/preserveservice/preserve
1675078734456000000,ts-preserve-service-b5ccf8557-l5l4p,ts-security-service-cb9788d56-bdkcx,/api/v1/securityservice/securityConfigs/{accountId}
1675078734460000000,ts-security-service-cb9788d56-bdkcx,ts-order-service-5b67c48447-fj8b7,/api/v1/orderservice/order/security/{checkDate}/{accountId}
1675078734471000000,ts-security-service-cb9788d56-bdkcx,ts-order-other-service-6cdbf9b4cc-swvb5,/api/v1/orderOtherService/orderOther/security/{checkDate}/{accountId}
1675078734489000000,ts-preserve-service-b5ccf8557-l5l4p,ts-contacts-service-866bd68c97-dzqgd,/api/v1/contactservice/contacts/{id}
1675078734511000000,ts-preserve-service-b5ccf8557-l5l4p,ts-travel-service-64469b5b48-5rjvb,/api/v1/travelservice/trip_detail
1675078734520000000,ts-travel-service-64469b5b48-5rjvb,ts-basic-service-5dc8d4f9fd-llznp,/api/v1/basicservice/basic/travel
1675078734523000000,ts-basic-service-5dc8d4f9fd-llznp,ts-station-service-7f4f5f6f77-hp2zq,/api/v1/stationservice/stations/id/{stationNameForId}
1675078734527000000,ts-basic-service-5dc8d4f9fd-llznp,ts-station-service-7f4f5f6f77-hp2zq,/api/v1/stationservice/stations/id/{stationNameForId}
1675078734531000000,ts-basic-service-5dc8d4f9fd-llznp,ts-train-service-86f5f97bc9-tlpss,/api/v1/trainservice/trains/byName/{name}
1675078734535000000,ts-basic-service-5dc8d4f9fd-llznp,ts-route-service-b6c59fb57-dz9bw,/api/v1/routeservice/routes/{routeId}
1675078734549000000,ts-basic-service-5dc8d4f9fd-llznp,ts-price-service-76846864d9-nmjz7,/api/v1/priceservice/prices/{routeId}/{trainType}
1675078734561000000,ts-travel-service-64469b5b48-5rjvb,ts-seat-service-5c95b49cff-mxdsg,/api/v1/seatservice/seats/left_tickets
1675078734565000000,ts-seat-service-5c95b49cff-mxdsg,ts-order-service-5b67c48447-fj8b7,/api/v1/orderservice/order/tickets
1675078734587000000,ts-seat-service-5c95b49cff-mxdsg,ts-config-service-5fcd447d84-9qltf,/api/v1/configservice/configs/{configName}
1675078734596000000,ts-travel-service-64469b5b48-5rjvb,ts-seat-service-5c95b49cff-mxdsg,/api/v1/seatservice/seats/left_tickets
1675078734599000000,ts-seat-service-5c95b49cff-mxdsg,ts-order-service-5b67c48447-fj8b7,/api/v1/orderservice/order/tickets
1675078734614000000,ts-seat-service-5c95b49cff-mxdsg,ts-config-service-5fcd447d84-9qltf,/api/v1/configservice/configs/{configName}
1675078734629000000,ts-preserve-service-b5ccf8557-l5l4p,ts-basic-service-5dc8d4f9fd-llznp,/api/v1/basicservice/basic/travel
1675078734632000000,ts-basic-service-5dc8d4f9fd-llznp,ts-station-service-7f4f5f6f77-hp2zq,/api/v1/stationservice/stations/id/{stationNameForId}
1675078734636000000,ts-basic-service-5dc8d4f9fd-llznp,ts-station-service-7f4f5f6f77-hp2zq,/api/v1/stationservice/stations/id/{stationNameForId}
1675078734639000000,ts-basic-service-5dc8d4f9fd-llznp,ts-train-service-86f5f97bc9-tlpss,/api/v1/trainservice/trains/byName/{name}
1675078734643000000,ts-basic-service-5dc8d4f9fd-llznp,ts-route-service-b6c59fb57-dz9bw,/api/v1/routeservice/routes/{routeId}
1675078734658000000,ts-basic-service-5dc8d4f9fd-llznp,ts-price-service-76846864d9-nmjz7,/api/v1/priceservice/prices/{routeId}/{trainType}
1675078734671000000,ts-preserve-service-b5ccf8557-l5l4p,ts-seat-service-5c95b49cff-mxdsg,/api/v1/seatservice/seats
1675078734676000000,ts-seat-service-5c95b49cff-mxdsg,ts-order-service-5b67c48447-fj8b7,/api/v1/orderservice/order/tickets
1675078734706000000,ts-preserve-service-b5ccf8557-l5l4p,ts-order-service-5b67c48447-fj8b7,/api/v1/orderservice/order
1675078734724000000,ts-preserve-service-b5ccf8557-l5l4p,ts-assurance-service-69876c9868-wqgrl,/api/v1/assuranceservice/assurances/{typeIndex}/{orderId}
1675078734743000000,ts-preserve-service-b5ccf8557-l5l4p,ts-food-service-f5756978c-6sb8t,/api/v1/foodservice/orders
1675078734758000000,ts-food-service-f5756978c-6sb8t,ts-delivery-service-7d97b69596-gfnbr,food_delivery process
1675078734758000000,ts-food-service-f5756978c-6sb8t,ts-delivery-service-7d97b69596-gfnbr,food_delivery process
1675078734761000000,ts-preserve-service-b5ccf8557-l5l4p,ts-user-service-687d654649-f8jtd,/api/v1/userservice/users/id/{userId}
1675078737440000000,ts-gateway-service-6f6cfc45b-d9pnv,ts-travel2-service-5c66d57d58-zxw8n,/api/v1/travel2service/trips/left
1675078737448000000,ts-travel2-service-5c66d57d58-zxw8n,ts-basic-service-5dc8d4f9fd-llznp,/api/v1/basicservice/basic/travels
1675078737452000000,ts-basic-service-5dc8d4f9fd-llznp,ts-station-service-7f4f5f6f77-hp2zq,/api/v1/stationservice/stations/idlist
1675078737458000000,ts-basic-service-5dc8d4f9fd-llznp,ts-train-service-86f5f97bc9-tlpss,/api/v1/trainservice/trains/byNames
1675078737464000000,ts-basic-service-5dc8d4f9fd-llznp,ts-route-service-b6c59fb57-dz9bw,/api/v1/routeservice/routes/byIds/
1675078737493000000,ts-basic-service-5dc8d4f9fd-llznp,ts-price-service-76846864d9-nmjz7,/api/v1/priceservice/prices/byRouteIdsAndTrainTypes
1675078737521000000,ts-travel2-service-5c66d57d58-zxw8n,ts-seat-service-5c95b49cff-mxdsg,/api/v1/seatservice/seats/left_tickets
1675078737528000000,ts-seat-service-5c95b49cff-mxdsg,ts-order-other-service-6cdbf9b4cc-swvb5,/api/v1/orderOtherService/orderOther/tickets
1675078737538000000,ts-seat-service-5c95b49cff-mxdsg,ts-config-service-5fcd447d84-9qltf,/api/v1/configservice/configs/{configName}
1675078737546000000,ts-travel2-service-5c66d57d58-zxw8n,ts-seat-service-5c95b49cff-mxdsg,/api/v1/seatservice/seats/left_tickets
1675078737550000000,ts-seat-service-5c95b49cff-mxdsg,ts-order-other-service-6cdbf9b4cc-swvb5,/api/v1/orderOtherService/orderOther/tickets
1675078737555000000,ts-seat-service-5c95b49cff-mxdsg,ts-config-service-5fcd447d84-9qltf,/api/v1/configservice/configs/{configName}
1675078740052000000,ts-gateway-service-6f6cfc45b-d9pnv,ts-execute-service-775f544d9-tmwcv,/api/v1/executeservice/execute/execute/{orderId}
1675078740058000000,ts-execute-service-775f544d9-tmwcv,ts-order-service-5b67c48447-fj8b7,/api/v1/orderservice/order/{orderId}
1675078740066000000,ts-execute-service-775f544d9-tmwcv,ts-order-other-service-6cdbf9b4cc-swvb5,/api/v1/orderOtherService/orderOther/{orderId}
1675078740315000000,ts-gateway-service-6f6cfc45b-d9pnv,ts-travel2-service-5c66d57d58-zxw8n,/api/v1/travel2service/trips/left
1675078740324000000,ts-travel2-service-5c66d57d58-zxw8n,ts-basic-service-5dc8d4f9fd-llznp,/api/v1/basicservice/basic/travels
1675078740328000000,ts-basic-service-5dc8d4f9fd-llznp,ts-station-service-7f4f5f6f77-hp2zq,/api/v1/stationservice/stations/idlist
1675078740335000000,ts-basic-service-5dc8d4f9fd-llznp,ts-train-service-86f5f97bc9-tlpss,/api/v1/trainservice/trains/byNames
1675078740576000000,ts-basic-service-5dc8d4f9fd-llznp,ts-route-service-b6c59fb57-dz9bw,/api/v1/routeservice/routes/byIds/
1675078740619000000,ts-basic-service-5dc8d4f9fd-llznp,ts-price-service-76846864d9-nmjz7,/api/v1/priceservice/prices/byRouteIdsAndTrainTypes
1675078740633000000,ts-travel2-service-5c66d57d58-zxw8n,ts-seat-service-5c95b49cff-mxdsg,/api/v1/seatservice/seats/left_tickets
1675078740639000000,ts-seat-service-5c95b49cff-mxdsg,ts-order-other-service-6cdbf9b4cc-swvb5,/api/v1/orderOtherService/orderOther/tickets
1675078740647000000,ts-seat-service-5c95b49cff-mxdsg,ts-config-service-5fcd447d84-9qltf,/api/v1/configservice/configs/{configName}
1675078740657000000,ts-travel2-service-5c66d57d58-zxw8n,ts-seat-service-5c95b49cff-mxdsg,/api/v1/seatservice/seats/left_tickets
1675078740661000000,ts-seat-service-5c95b49cff-mxdsg,ts-order-other-service-6cdbf9b4cc-swvb5,/api/v1/orderOtherService/orderOther/tickets
1675078740666000000,ts-seat-service-5c95b49cff-mxdsg,ts-config-service-5fcd447d84-9qltf,/api/v1/configservice/configs/{configName}
1675078741764000000,ts-gateway-service-6f6cfc45b-d9pnv,ts-travel-service-64469b5b48-5rjvb,/api/v1/travelservice/trips/left
1675078741782000000,ts-travel-service-64469b5b48-5rjvb,ts-basic-service-5dc8d4f9fd-llznp,/api/v1/basicservice/basic/travels
1675078741785000000,ts-basic-service-5dc8d4f9fd-llznp,ts-station-service-7f4f5f6f77-hp2zq,/api/v1/stationservice/stations/idlist
1675078741790000000,ts-basic-service-5dc8d4f9fd-llznp,ts-train-service-86f5f97bc9-tlpss,/api/v1/trainservice/trains/byNames
1675078742039000000,ts-basic-service-5dc8d4f9fd-llznp,ts-route-service-b6c59fb57-dz9bw,/api/v1/routeservice/routes/byIds/
1675078742058000000,ts-basic-service-5dc8d4f9fd-llznp,ts-price-service-76846864d9-nmjz7,/api/v1/priceservice/prices/byRouteIdsAndTrainTypes
1675078742075000000,ts-travel-service-64469b5b48-5rjvb,ts-seat-service-5c95b49cff-mxdsg,/api/v1/seatservice/seats/left_tickets
1675078742082000000,ts-seat-service-5c95b49cff-mxdsg,ts-order-service-5b67c48447-fj8b7,/api/v1/orderservice/order/tickets
1675078742089000000,ts-seat-service-5c95b49cff-mxdsg,ts-config-service-5fcd447d84-9qltf,/api/v1/configservice/configs/{configName}
1675078742100000000,ts-travel-service-64469b5b48-5rjvb,ts-seat-service-5c95b49cff-mxdsg,/api/v1/seatservice/seats/left_tickets
1675078742105000000,ts-seat-service-5c95b49cff-mxdsg,ts-order-service-5b67c48447-fj8b7,/api/v1/orderservice/order/tickets
1675078742110000000,ts-seat-service-5c95b49cff-mxdsg,ts-config-service-5fcd447d84-9qltf,/api/v1/configservice/configs/{configName}
1675078742120000000,ts-travel-service-64469b5b48-5rjvb,ts-seat-service-5c95b49cff-mxdsg,/api/v1/seatservice/seats/left_tickets
1675078742124000000,ts-seat-service-5c95b49cff-mxdsg,ts-order-service-5b67c48447-fj8b7,/api/v1/orderservice/order/tickets
1675078742129000000,ts-seat-service-5c95b49cff-mxdsg,ts-config-service-5fcd447d84-9qltf,/api/v1/configservice/configs/{configName}
1675078742138000000,ts-travel-service-64469b5b48-5rjvb,ts-seat-service-5c95b49cff-mxdsg,/api/v1/seatservice/seats/left_tickets
1675078742142000000,ts-seat-service-5c95b49cff-mxdsg,ts-order-service-5b67c48447-fj8b7,/api/v1/orderservice/order/tickets
1675078742147000000,ts-seat-service-5c95b49cff-mxdsg,ts-config-service-5fcd447d84-9qltf,/api/v1/configservice/configs/{configName}
1675078742177000000,ts-travel-service-64469b5b48-5rjvb,ts-seat-service-5c95b49cff-mxdsg,/api/v1/seatservice/seats/left_tickets
1675078742181000000,ts-seat-service-5c95b49cff-mxdsg,ts-order-service-5b67c48447-fj8b7,/api/v1/orderservice/order/tickets
1675078742201000000,ts-seat-service-5c95b49cff-mxdsg,ts-config-service-5fcd447d84-9qltf,/api/v1/configservice/configs/{configName}
1675078742228000000,ts-travel-service-64469b5b48-5rjvb,ts-seat-service-5c95b49cff-mxdsg,/api/v1/seatservice/seats/left_tickets
1675078742232000000,ts-seat-service-5c95b49cff-mxdsg,ts-order-service-5b67c48447-fj8b7,/api/v1/orderservice/order/tickets
1675078742238000000,ts-seat-service-5c95b49cff-mxdsg,ts-config-service-5fcd447d84-9qltf,/api/v1/configservice/configs/{configName}
1675078742860000000,ts-gateway-service-6f6cfc45b-d9pnv,ts-execute-service-775f544d9-tmwcv,/api/v1/executeservice/execute/collected/{orderId}
1675078742865000000,ts-execute-service-775f544d9-tmwcv,ts-order-service-5b67c48447-fj8b7,/api/v1/orderservice/order/{orderId}
1675078742873000000,ts-execute-service-775f544d9-tmwcv,ts-order-other-service-6cdbf9b4cc-swvb5,/api/v1/orderOtherService/orderOther/{orderId}
1675078742879000000,ts-execute-service-775f544d9-tmwcv,ts-order-other-service-6cdbf9b4cc-swvb5,/api/v1/orderOtherService/orderOther/status/{orderId}/{status}
1675078743251000000,ts-gateway-service-6f6cfc45b-d9pnv,ts-inside-payment-service-6f94c49ccd-t4k6c,/api/v1/inside_pay_service/inside_payment
1675078743265000000,ts-inside-payment-service-6f94c49ccd-t4k6c,ts-order-service-5b67c48447-fj8b7,/api/v1/orderservice/order/{orderId}
1675078743560000000,ts-gateway-service-6f6cfc45b-d9pnv,ts-travel2-service-5c66d57d58-zxw8n,/api/v1/travel2service/trips/left
1675078743569000000,ts-travel2-service-5c66d57d58-zxw8n,ts-basic-service-5dc8d4f9fd-llznp,/api/v1/basicservice/basic/travels
1675078743572000000,ts-basic-service-5dc8d4f9fd-llznp,ts-station-service-7f4f5f6f77-hp2zq,/api/v1/stationservice/stations/idlist
1675078743578000000,ts-basic-service-5dc8d4f9fd-llznp,ts-train-service-86f5f97bc9-tlpss,/api/v1/trainservice/trains/byNames
1675078743812000000,ts-basic-service-5dc8d4f9fd-llznp,ts-route-service-b6c59fb57-dz9bw,/api/v1/routeservice/routes/byIds/
1675078743832000000,ts-basic-service-5dc8d4f9fd-llznp,ts-price-service-76846864d9-nmjz7,/api/v1/priceservice/prices/byRouteIdsAndTrainTypes
1675078743845000000,ts-travel2-service-5c66d57d58-zxw8n,ts-seat-service-5c95b49cff-mxdsg,/api/v1/seatservice/seats/left_tickets
1675078743851000000,ts-seat-service-5c95b49cff-mxdsg,ts-order-other-service-6cdbf9b4cc-swvb5,/api/v1/orderOtherService/orderOther/tickets
1675078743858000000,ts-seat-service-5c95b49cff-mxdsg,ts-config-service-5fcd447d84-9qltf,/api/v1/configservice/configs/{configName}
1675078743867000000,ts-travel2-service-5c66d57d58-zxw8n,ts-seat-service-5c95b49cff-mxdsg,/api/v1/seatservice/seats/left_tickets
1675078743871000000,ts-seat-service-5c95b49cff-mxdsg,ts-order-other-service-6cdbf9b4cc-swvb5,/api/v1/orderOtherService/orderOther/tickets
1675078743876000000,ts-seat-service-5c95b49cff-mxdsg,ts-config-service-5fcd447d84-9qltf,/api/v1/configservice/configs/{configName}
1675078744053000000,ts-gateway-service-6f6cfc45b-d9pnv,ts-travel-service-64469b5b48-5rjvb,/api/v1/travelservice/trips/left
1675078744067000000,ts-travel-service-64469b5b48-5rjvb,ts-basic-service-5dc8d4f9fd-llznp,/api/v1/basicservice/basic/travels
1675078744069000000,ts-basic-service-5dc8d4f9fd-llznp,ts-station-service-7f4f5f6f77-hp2zq,/api/v1/stationservice/stations/idlist
1675078744074000000,ts-basic-service-5dc8d4f9fd-llznp,ts-train-service-86f5f97bc9-tlpss,/api/v1/trainservice/trains/byNames
1675078744079000000,ts-basic-service-5dc8d4f9fd-llznp,ts-route-service-b6c59fb57-dz9bw,/api/v1/routeservice/routes/byIds/
1675078744096000000,ts-basic-service-5dc8d4f9fd-llznp,ts-price-service-76846864d9-nmjz7,/api/v1/priceservice/prices/byRouteIdsAndTrainTypes
1675078744110000000,ts-travel-service-64469b5b48-5rjvb,ts-seat-service-5c95b49cff-mxdsg,/api/v1/seatservice/seats/left_tickets
1675078744114000000,ts-seat-service-5c95b49cff-mxdsg,ts-order-service-5b67c48447-fj8b7,/api/v1/orderservice/order/tickets
1675078744121000000,ts-seat-service-5c95b49cff-mxdsg,ts-config-service-5fcd447d84-9qltf,/api/v1/configservice/configs/{configName}
1675078744131000000,ts-travel-service-64469b5b48-5rjvb,ts-seat-service-5c95b49cff-mxdsg,/api/v1/seatservice/seats/left_tickets
1675078744135000000,ts-seat-service-5c95b49cff-mxdsg,ts-order-service-5b67c48447-fj8b7,/api/v1/orderservice/order/tickets
1675078744140000000,ts-seat-service-5c95b49cff-mxdsg,ts-config-service-5fcd447d84-9qltf,/api/v1/configservice/configs/{configName}
1675078744150000000,ts-travel-service-64469b5b48-5rjvb,ts-seat-service-5c95b49cff-mxdsg,/api/v1/seatservice/seats/left_tickets
1675078744153000000,ts-seat-service-5c95b49cff-mxdsg,ts-order-service-5b67c48447-fj8b7,/api/v1/orderservice/order/tickets
1675078744158000000,ts-seat-service-5c95b49cff-mxdsg,ts-config-service-5fcd447d84-9qltf,/api/v1/configservice/configs/{configName}
1675078744166000000,ts-travel-service-64469b5b48-5rjvb,ts-seat-service-5c95b49cff-mxdsg,/api/v1/seatservice/seats/left_tickets
1675078744170000000,ts-seat-service-5c95b49cff-mxdsg,ts-order-service-5b67c48447-fj8b7,/api/v1/orderservice/order/tickets
1675078744175000000,ts-seat-service-5c95b49cff-mxdsg,ts-config-service-5fcd447d84-9qltf,/api/v1/configservice/configs/{configName}
1675078744194000000,ts-travel-service-64469b5b48-5rjvb,ts-seat-service-5c95b49cff-mxdsg,/api/v1/seatservice/seats/left_tickets
1675078744198000000,ts-seat-service-5c95b49cff-mxdsg,ts-order-service-5b67c48447-fj8b7,/api/v1/orderservice/order/tickets
1675078744202000000,ts-seat-service-5c95b49cff-mxdsg,ts-config-service-5fcd447d84-9qltf,/api/v1/configservice/configs/{configName}
1675078744210000000,ts-travel-service-64469b5b48-5rjvb,ts-seat-service-5c95b49cff-mxdsg,/api/v1/seatservice/seats/left_tickets
1675078744213000000,ts-seat-service-5c95b49cff-mxdsg,ts-order-service-5b67c48447-fj8b7,/api/v1/orderservice/order/tickets
1675078744218000000,ts-seat-service-5c95b49cff-mxdsg,ts-config-service-5fcd447d84-9qltf,/api/v1/configservice/configs/{configName}
1675078745135000000,ts-gateway-service-6f6cfc45b-d9pnv,ts-travel-service-64469b5b48-5rjvb,/api/v1/travelservice/trips/left
1675078745160000000,ts-travel-service-64469b5b48-5rjvb,ts-basic-service-5dc8d4f9fd-llznp,/api/v1/basicservice/basic/travels
1675078745162000000,ts-basic-service-5dc8d4f9fd-llznp,ts-station-service-7f4f5f6f77-hp2zq,/api/v1/stationservice/stations/idlist
1675078745167000000,ts-basic-service-5dc8d4f9fd-llznp,ts-train-service-86f5f97bc9-tlpss,/api/v1/trainservice/trains/byNames
1675078745173000000,ts-basic-service-5dc8d4f9fd-llznp,ts-route-service-b6c59fb57-dz9bw,/api/v1/routeservice/routes/byIds/
1675078745194000000,ts-basic-service-5dc8d4f9fd-llznp,ts-price-service-76846864d9-nmjz7,/api/v1/priceservice/prices/byRouteIdsAndTrainTypes
1675078745207000000,ts-travel-service-64469b5b48-5rjvb,ts-seat-service-5c95b49cff-mxdsg,/api/v1/seatservice/seats/left_tickets
1675078745212000000,ts-seat-service-5c95b49cff-mxdsg,ts-order-service-5b67c48447-fj8b7,/api/v1/orderservice/order/tickets
1675078745218000000,ts-seat-service-5c95b49cff-mxdsg,ts-config-service-5fcd447d84-9qltf,/api/v1/configservice/configs/{configName}
1675078745227000000,ts-travel-service-64469b5b48-5rjvb,ts-seat-service-5c95b49cff-mxdsg,/api/v1/seatservice/seats/left_tickets
1675078745231000000,ts-seat-service-5c95b49cff-mxdsg,ts-order-service-5b67c48447-fj8b7,/api/v1/orderservice/order/tickets
1675078745237000000,ts-seat-service-5c95b49cff-mxdsg,ts-config-service-5fcd447d84-9qltf,/api/v1/configservice/configs/{configName}
1675078745245000000,ts-travel-service-64469b5b48-5rjvb,ts-seat-service-5c95b49cff-mxdsg,/api/v1/seatservice/seats/left_tickets
1675078745249000000,ts-seat-service-5c95b49cff-mxdsg,ts-order-service-5b67c48447-fj8b7,/api/v1/orderservice/order/tickets
1675078745254000000,ts-seat-service-5c95b49cff-mxdsg,ts-config-service-5fcd447d84-9qltf,/api/v1/configservice/configs/{configName}
1675078745262000000,ts-travel-service-64469b5b48-5rjvb,ts-seat-service-5c95b49cff-mxdsg,/api/v1/seatservice/seats/left_tickets
1675078745265000000,ts-seat-service-5c95b49cff-mxdsg,ts-order-service-5b67c48447-fj8b7,/api/v1/orderservice/order/tickets
1675078745270000000,ts-seat-service-5c95b49cff-mxdsg,ts-config-service-5fcd447d84-9qltf,/api/v1/configservice/configs/{configName}
1675078745279000000,ts-travel-service-64469b5b48-5rjvb,ts-seat-service-5c95b49cff-mxdsg,/api/v1/seatservice/seats/left_tickets
1675078745282000000,ts-seat-service-5c95b49cff-mxdsg,ts-order-service-5b67c48447-fj8b7,/api/v1/orderservice/order/tickets
1675078745286000000,ts-seat-service-5c95b49cff-mxdsg,ts-config-service-5fcd447d84-9qltf,/api/v1/configservice/configs/{configName}
1675078745294000000,ts-travel-service-64469b5b48-5rjvb,ts-seat-service-5c95b49cff-mxdsg,/api/v1/seatservice/seats/left_tickets
1675078745297000000,ts-seat-service-5c95b49cff-mxdsg,ts-order-service-5b67c48447-fj8b7,/api/v1/orderservice/order/tickets
1675078745301000000,ts-seat-service-5c95b49cff-mxdsg,ts-config-service-5fcd447d84-9qltf,/api/v1/configservice/configs/{configName}
1675078747950000000,ts-gateway-service-6f6cfc45b-d9pnv,ts-travel-service-64469b5b48-5rjvb,/api/v1/travelservice/trips/left
1675078747986000000,ts-travel-service-64469b5b48-5rjvb,ts-basic-service-5dc8d4f9fd-llznp,/api/v1/basicservice/basic/travels
1675078747990000000,ts-basic-service-5dc8d4f9fd-llznp,ts-station-service-7f4f5f6f77-hp2zq,/api/v1/stationservice/stations/idlist
1675078747997000000,ts-basic-service-5dc8d4f9fd-llznp,ts-train-service-86f5f97bc9-tlpss,/api/v1/trainservice/trains/byNames
1675078748004000000,ts-basic-service-5dc8d4f9fd-llznp,ts-route-service-b6c59fb57-dz9bw,/api/v1/routeservice/routes/byIds/
1675078748025000000,ts-basic-service-5dc8d4f9fd-llznp,ts-price-service-76846864d9-nmjz7,/api/v1/priceservice/prices/byRouteIdsAndTrainTypes
1675078748040000000,ts-travel-service-64469b5b48-5rjvb,ts-seat-service-5c95b49cff-mxdsg,/api/v1/seatservice/seats/left_tickets
1675078748047000000,ts-seat-service-5c95b49cff-mxdsg,ts-order-service-5b67c48447-fj8b7,/api/v1/orderservice/order/tickets
1675078748055000000,ts-seat-service-5c95b49cff-mxdsg,ts-config-service-5fcd447d84-9qltf,/api/v1/configservice/configs/{configName}
1675078748066000000,ts-travel-service-64469b5b48-5rjvb,ts-seat-service-5c95b49cff-mxdsg,/api/v1/seatservice/seats/left_tickets
1675078748070000000,ts-seat-service-5c95b49cff-mxdsg,ts-order-service-5b67c48447-fj8b7,/api/v1/orderservice/order/tickets
1675078748075000000,ts-seat-service-5c95b49cff-mxdsg,ts-config-service-5fcd447d84-9qltf,/api/v1/configservice/configs/{configName}
1675078748085000000,ts-travel-service-64469b5b48-5rjvb,ts-seat-service-5c95b49cff-mxdsg,/api/v1/seatservice/seats/left_tickets
1675078748089000000,ts-seat-service-5c95b49cff-mxdsg,ts-order-service-5b67c48447-fj8b7,/api/v1/orderservice/order/tickets
1675078748094000000,ts-seat-service-5c95b49cff-mxdsg,ts-config-service-5fcd447d84-9qltf,/api/v1/configservice/configs/{configName}
1675078748124000000,ts-travel-service-64469b5b48-5rjvb,ts-seat-service-5c95b49cff-mxdsg,/api/v1/seatservice/seats/left_tickets
1675078748179000000,ts-seat-service-5c95b49cff-mxdsg,ts-order-service-5b67c48447-fj8b7,/api/v1/orderservice/order/tickets
1675078748185000000,ts-seat-service-5c95b49cff-mxdsg,ts-config-service-5fcd447d84-9qltf,/api/v1/configservice/configs/{configName}
1675078748219000000,ts-travel-service-64469b5b48-5rjvb,ts-seat-service-5c95b49cff-mxdsg,/api/v1/seatservice/seats/left_tickets
1675078748279000000,ts-seat-service-5c95b49cff-mxdsg,ts-order-service-5b67c48447-fj8b7,/api/v1/orderservice/order/tickets
1675078748284000000,ts-seat-service-5c95b49cff-mxdsg,ts-config-service-5fcd447d84-9qltf,/api/v1/configservice/configs/{configName}
1675078748294000000,ts-travel-service-64469b5b48-5rjvb,ts-seat-service-5c95b49cff-mxdsg,/api/v1/seatservice/seats/left_tickets
1675078748298000000,ts-seat-service-5c95b49cff-mxdsg,ts-order-service-5b67c48447-fj8b7,/api/v1/orderservice/order/tickets
1675078748303000000,ts-seat-service-5c95b49cff-mxdsg,ts-config-service-5fcd447d84-9qltf,/api/v1/configservice/configs/{configName}
1675078749884000000,ts-gateway-service-6f6cfc45b-d9pnv,ts-travel2-service-5c66d57d58-zxw8n,/api/v1/travel2service/trips/left
1675078749893000000,ts-travel2-service-5c66d57d58-zxw8n,ts-basic-service-5dc8d4f9fd-llznp,/api/v1/basicservice/basic/travels
1675078749896000000,ts-basic-service-5dc8d4f9fd-llznp,ts-station-service-7f4f5f6f77-hp2zq,/api/v1/stationservice/stations/idlist
1675078749902000000,ts-basic-service-5dc8d4f9fd-llznp,ts-train-service-86f5f97bc9-tlpss,/api/v1/trainservice/trains/byNames
1675078750135000000,ts-basic-service-5dc8d4f9fd-llznp,ts-route-service-b6c59fb57-dz9bw,/api/v1/routeservice/routes/byIds/
1675078750156000000,ts-basic-service-5dc8d4f9fd-llznp,ts-price-service-76846864d9-nmjz7,/api/v1/priceservice/prices/byRouteIdsAndTrainTypes
1675078750169000000,ts-travel2-service-5c66d57d58-zxw8n,ts-seat-service-5c95b49cff-mxdsg,/api/v1/seatservice/seats/left_tickets
1675078750175000000,ts-seat-service-5c95b49cff-mxdsg,ts-order-other-service-6cdbf9b4cc-swvb5,/api/v1/orderOtherService/orderOther/tickets
1675078750183000000,ts-seat-service-5c95b49cff-mxdsg,ts-config-service-5fcd447d84-9qltf,/api/v1/configservice/configs/{configName}
1675078750199000000,ts-travel2-service-5c66d57d58-zxw8n,ts-seat-service-5c95b49cff-mxdsg,/api/v1/seatservice/seats/left_tickets
1675078750203000000,ts-seat-service-5c95b49cff-mxdsg,ts-order-other-service-6cdbf9b4cc-swvb5,/api/v1/orderOtherService/orderOther/tickets
1675078750209000000,ts-seat-service-5c95b49cff-mxdsg,ts-config-service-5fcd447d84-9qltf,/api/v1/configservice/configs/{configName}
1675078750302000000,ts-gateway-service-6f6cfc45b-d9pnv,ts-preserve-other-service-66646bdb5b-l8hp6,/api/v1/preserveotherservice/preserveOther
1675078750309000000,ts-preserve-other-service-66646bdb5b-l8hp6,ts-security-service-cb9788d56-bdkcx,/api/v1/securityservice/securityConfigs/{accountId}
1675078750315000000,ts-security-service-cb9788d56-bdkcx,ts-order-service-5b67c48447-fj8b7,/api/v1/orderservice/order/security/{checkDate}/{accountId}
1675078750331000000,ts-security-service-cb9788d56-bdkcx,ts-order-other-service-6cdbf9b4cc-swvb5,/api/v1/orderOtherService/orderOther/security/{checkDate}/{accountId}
1675078750362000000,ts-preserve-other-service-66646bdb5b-l8hp6,ts-contacts-service-866bd68c97-dzqgd,/api/v1/contactservice/contacts/{id}
1675078750380000000,ts-preserve-other-service-66646bdb5b-l8hp6,ts-travel2-service-5c66d57d58-zxw8n,/api/v1/travel2service/trip_detail
1675078750384000000,ts-gateway-service-6f6cfc45b-d9pnv,ts-inside-payment-service-6f94c49ccd-t4k6c,/api/v1/inside_pay_service/inside_payment
1675078750384000000,ts-travel2-service-5c66d57d58-zxw8n,ts-basic-service-5dc8d4f9fd-llznp,/api/v1/basicservice/basic/travel
1675078750387000000,ts-basic-service-5dc8d4f9fd-llznp,ts-station-service-7f4f5f6f77-hp2zq,/api/v1/stationservice/stations/id/{stationNameForId}
1675078750392000000,ts-basic-service-5dc8d4f9fd-llznp,ts-station-service-7f4f5f6f77-hp2zq,/api/v1/stationservice/stations/id/{stationNameForId}
1675078750393000000,ts-inside-payment-service-6f94c49ccd-t4k6c,ts-order-service-5b67c48447-fj8b7,/api/v1/orderservice/order/{orderId}
1675078750396000000,ts-basic-service-5dc8d4f9fd-llznp,ts-train-service-86f5f97bc9-tlpss,/api/v1/trainservice/trains/byName/{name}
1675078750400000000,ts-basic-service-5dc8d4f9fd-llznp,ts-route-service-b6c59fb57-dz9bw,/api/v1/routeservice/routes/{routeId}
1675078750413000000,ts-basic-service-5dc8d4f9fd-llznp,ts-price-service-76846864d9-nmjz7,/api/v1/priceservice/prices/{routeId}/{trainType}
1675078750425000000,ts-travel2-service-5c66d57d58-zxw8n,ts-seat-service-5c95b49cff-mxdsg,/api/v1/seatservice/seats/left_tickets
1675078750429000000,ts-seat-service-5c95b49cff-mxdsg,ts-order-other-service-6cdbf9b4cc-swvb5,/api/v1/orderOtherService/orderOther/tickets
1675078750457000000,ts-seat-service-5c95b49cff-mxdsg,ts-config-service-5fcd447d84-9qltf,/api/v1/configservice/configs/{configName}
1675078750502000000,ts-travel2-service-5c66d57d58-zxw8n,ts-seat-service-5c95b49cff-mxdsg,/api/v1/seatservice/seats/left_tickets
1675078750505000000,ts-seat-service-5c95b49cff-mxdsg,ts-order-other-service-6cdbf9b4cc-swvb5,/api/v1/orderOtherService/orderOther/tickets
1675078750531000000,ts-seat-service-5c95b49cff-mxdsg,ts-config-service-5fcd447d84-9qltf,/api/v1/configservice/configs/{configName}
1675078750544000000,ts-preserve-other-service-66646bdb5b-l8hp6,ts-basic-service-5dc8d4f9fd-llznp,/api/v1/basicservice/basic/travel
1675078750546000000,ts-basic-service-5dc8d4f9fd-llznp,ts-station-service-7f4f5f6f77-hp2zq,/api/v1/stationservice/stations/id/{stationNameForId}
1675078750550000000,ts-basic-service-5dc8d4f9fd-llznp,ts-station-service-7f4f5f6f77-hp2zq,/api/v1/stationservice/stations/id/{stationNameForId}
1675078750553000000,ts-basic-service-5dc8d4f9fd-llznp,ts-train-service-86f5f97bc9-tlpss,/api/v1/trainservice/trains/byName/{name}
1675078750558000000,ts-basic-service-5dc8d4f9fd-llznp,ts-route-service-b6c59fb57-dz9bw,/api/v1/routeservice/routes/{routeId}
1675078750571000000,ts-basic-service-5dc8d4f9fd-llznp,ts-price-service-76846864d9-nmjz7,/api/v1/priceservice/prices/{routeId}/{trainType}
1675078750583000000,ts-preserve-other-service-66646bdb5b-l8hp6,ts-seat-service-5c95b49cff-mxdsg,/api/v1/seatservice/seats
1675078750588000000,ts-seat-service-5c95b49cff-mxdsg,ts-order-other-service-6cdbf9b4cc-swvb5,/api/v1/orderOtherService/orderOther/tickets
1675078750636000000,ts-preserve-other-service-66646bdb5b-l8hp6,ts-order-other-service-6cdbf9b4cc-swvb5,/api/v1/orderOtherService/orderOther
1675078750645000000,ts-inside-payment-service-6f94c49ccd-t4k6c,ts-payment-service-7fc6f5476f-pqwgt,/api/v1/paymentservice/payment
1675078750655000000,ts-preserve-other-service-66646bdb5b-l8hp6,ts-user-service-687d654649-f8jtd,/api/v1/userservice/users/id/{userId}
1675078750684000000,ts-inside-payment-service-6f94c49ccd-t4k6c,ts-order-service-5b67c48447-fj8b7,/api/v1/orderservice/order/status/{orderId}/{status}
1675078752146000000,ts-gateway-service-6f6cfc45b-d9pnv,ts-cancel-service-756f6c4675-prw5z,/api/v1/cancelservice/cancel/{orderId}/{loginId}
1675078752162000000,ts-cancel-service-756f6c4675-prw5z,ts-order-service-5b67c48447-fj8b7,/api/v1/orderservice/order/{orderId}
1675078752174000000,ts-cancel-service-756f6c4675-prw5z,ts-order-service-5b67c48447-fj8b7,/api/v1/orderservice/order
1675078752194000000,ts-cancel-service-756f6c4675-prw5z,ts-inside-payment-service-6f94c49ccd-t4k6c,/api/v1/inside_pay_service/inside_payment/drawback/{userId}/{money}
1675078752221000000,ts-gateway-service-6f6cfc45b-d9pnv,ts-travel2-service-5c66d57d58-zxw8n,/api/v1/travel2service/trips/left
1675078752225000000,ts-cancel-service-756f6c4675-prw5z,ts-user-service-687d654649-f8jtd,/api/v1/userservice/users/id/{userId}
1675078752229000000,ts-travel2-service-5c66d57d58-zxw8n,ts-basic-service-5dc8d4f9fd-llznp,/api/v1/basicservice/basic/travels
1675078752231000000,ts-basic-service-5dc8d4f9fd-llznp,ts-station-service-7f4f5f6f77-hp2zq,/api/v1/stationservice/stations/idlist
1675078752236000000,ts-basic-service-5dc8d4f9fd-llznp,ts-train-service-86f5f97bc9-tlpss,/api/v1/trainservice/trains/byNames
1675078752479000000,ts-basic-service-5dc8d4f9fd-llznp,ts-route-service-b6c59fb57-dz9bw,/api/v1/routeservice/routes/byIds/
1675078752498000000,ts-basic-service-5dc8d4f9fd-llznp,ts-price-service-76846864d9-nmjz7,/api/v1/priceservice/prices/byRouteIdsAndTrainTypes
1675078752525000000,ts-travel2-service-5c66d57d58-zxw8n,ts-seat-service-5c95b49cff-mxdsg,/api/v1/seatservice/seats/left_tickets
1675078752530000000,ts-seat-service-5c95b49cff-mxdsg,ts-order-other-service-6cdbf9b4cc-swvb5,/api/v1/orderOtherService/orderOther/tickets
1675078752539000000,ts-seat-service-5c95b49cff-mxdsg,ts-config-service-5fcd447d84-9qltf,/api/v1/configservice/configs/{configName}
1675078752547000000,ts-travel2-service-5c66d57d58-zxw8n,ts-seat-service-5c95b49cff-mxdsg,/api/v1/seatservice/seats/left_tickets
1675078752551000000,ts-seat-service-5c95b49cff-mxdsg,ts-order-other-service-6cdbf9b4cc-swvb5,/api/v1/orderOtherService/orderOther/tickets
1675078752556000000,ts-seat-service-5c95b49cff-mxdsg,ts-config-service-5fcd447d84-9qltf,/api/v1/configservice/configs/{configName}
1675078752576000000,ts-gateway-service-6f6cfc45b-d9pnv,ts-food-service-f5756978c-6sb8t,/api/v1/foodservice/foods/{date}/{startStation}/{endStation}/{tripId}
1675078752584000000,ts-food-service-f5756978c-6sb8t,ts-train-food-service-59bbbdd99b-cz98n,/api/v1/trainfoodservice/trainfoods/{tripId}
1675078752598000000,ts-food-service-f5756978c-6sb8t,ts-travel-service-64469b5b48-5rjvb,/api/v1/travelservice/routes/{tripId}
1675078752608000000,ts-travel-service-64469b5b48-5rjvb,ts-route-service-b6c59fb57-dz9bw,/api/v1/routeservice/routes/{routeId}
1675078752627000000,ts-food-service-f5756978c-6sb8t,ts-station-food-service-dc4d75dd-k65k2,/api/v1/stationfoodservice/stationfoodstores
1675078752679000000,ts-gateway-service-6f6cfc45b-d9pnv,ts-preserve-other-service-66646bdb5b-l8hp6,/api/v1/preserveotherservice/preserveOther
1675078752685000000,ts-preserve-other-service-66646bdb5b-l8hp6,ts-security-service-cb9788d56-bdkcx,/api/v1/securityservice/securityConfigs/{accountId}
1675078752690000000,ts-security-service-cb9788d56-bdkcx,ts-order-service-5b67c48447-fj8b7,/api/v1/orderservice/order/security/{checkDate}/{accountId}
1675078752703000000,ts-security-service-cb9788d56-bdkcx,ts-order-other-service-6cdbf9b4cc-swvb5,/api/v1/orderOtherService/orderOther/security/{checkDate}/{accountId}
1675078752722000000,ts-preserve-other-service-66646bdb5b-l8hp6,ts-contacts-service-866bd68c97-dzqgd,/api/v1/contactservice/contacts/{id}
1675078752738000000,ts-preserve-other-service-66646bdb5b-l8hp6,ts-travel2-service-5c66d57d58-zxw8n,/api/v1/travel2service/trip_detail
1675078752742000000,ts-travel2-service-5c66d57d58-zxw8n,ts-basic-service-5dc8d4f9fd-llznp,/api/v1/basicservice/basic/travel
1675078752745000000,ts-basic-service-5dc8d4f9fd-llznp,ts-station-service-7f4f5f6f77-hp2zq,/api/v1/stationservice/stations/id/{stationNameForId}
1675078752749000000,ts-basic-service-5dc8d4f9fd-llznp,ts-station-service-7f4f5f6f77-hp2zq,/api/v1/stationservice/stations/id/{stationNameForId}
1675078752752000000,ts-basic-service-5dc8d4f9fd-llznp,ts-train-service-86f5f97bc9-tlpss,/api/v1/trainservice/trains/byName/{name}
1675078752757000000,ts-basic-service-5dc8d4f9fd-llznp,ts-route-service-b6c59fb57-dz9bw,/api/v1/routeservice/routes/{routeId}
1675078752781000000,ts-basic-service-5dc8d4f9fd-llznp,ts-price-service-76846864d9-nmjz7,/api/v1/priceservice/prices/{routeId}/{trainType}
1675078752791000000,ts-travel2-service-5c66d57d58-zxw8n,ts-seat-service-5c95b49cff-mxdsg,/api/v1/seatservice/seats/left_tickets
1675078752795000000,ts-seat-service-5c95b49cff-mxdsg,ts-order-other-service-6cdbf9b4cc-swvb5,/api/v1/orderOtherService/orderOther/tickets
1675078752808000000,ts-seat-service-5c95b49cff-mxdsg,ts-config-service-5fcd447d84-9qltf,/api/v1/configservice/configs/{configName}
1675078752816000000,ts-travel2-service-5c66d57d58-zxw8n,ts-seat-service-5c95b49cff-mxdsg,/api/v1/seatservice/seats/left_tickets
1675078752820000000,ts-seat-service-5c95b49cff-mxdsg,ts-order-other-service-6cdbf9b4cc-swvb5,/api/v1/orderOtherService/orderOther/tickets
1675078752832000000,ts-seat-service-5c95b49cff-mxdsg,ts-config-service-5fcd447d84-9qltf,/api/v1/configservice/configs/{configName}
1675078752843000000,ts-preserve-other-service-66646bdb5b-l8hp6,ts-basic-service-5dc8d4f9fd-llznp,/api/v1/basicservice/basic/travel
1675078752845000000,ts-basic-service-5dc8d4f9fd-llznp,ts-station-service-7f4f5f6f77-hp2zq,/api/v1/stationservice/stations/id/{stationNameForId}
1675078752849000000,ts-basic-service-5dc8d4f9fd-llznp,ts-station-service-7f4f5f6f77-hp2zq,/api/v1/stationservice/stations/id/{stationNameForId}
1675078752853000000,ts-basic-service-5dc8d4f9fd-llznp,ts-train-service-86f5f97bc9-tlpss,/api/v1/trainservice/trains/byName/{name}
1675078752857000000,ts-basic-service-5dc8d4f9fd-llznp,ts-route-service-b6c59fb57-dz9bw,/api/v1/routeservice/routes/{routeId}
1675078752871000000,ts-basic-service-5dc8d4f9fd-llznp,ts-price-service-76846864d9-nmjz7,/api/v1/priceservice/prices/{routeId}/{trainType}
1675078752881000000,ts-preserve-other-service-66646bdb5b-l8hp6,ts-seat-service-5c95b49cff-mxdsg,/api/v1/seatservice/seats
1675078752885000000,ts-seat-service-5c95b49cff-mxdsg,ts-order-other-service-6cdbf9b4cc-swvb5,/api/v1/orderOtherService/orderOther/tickets
1675078752916000000,ts-preserve-other-service-66646bdb5b-l8hp6,ts-order-other-service-6cdbf9b4cc-swvb5,/api/v1/orderOtherService/orderOther
1675078752933000000,ts-preserve-other-service-66646bdb5b-l8hp6,ts-food-service-f5756978c-6sb8t,/api/v1/foodservice/orders
1675078752950000000,ts-food-service-f5756978c-6sb8t,ts-delivery-service-7d97b69596-gfnbr,food_delivery process
1675078752950000000,ts-food-service-f5756978c-6sb8t,ts-delivery-service-7d97b69596-gfnbr,food_delivery process
1675078752951000000,ts-preserve-other-service-66646bdb5b-l8hp6,ts-user-service-687d654649-f8jtd,/api/v1/userservice/users/id/{userId}
1675078754015000000,ts-gateway-service-6f6cfc45b-d9pnv,ts-auth-service-7f8d7d756d-kzp47,/api/v1/users/login
1675078754026000000,ts-auth-service-7f8d7d756d-kzp47,ts-verification-code-service-7b6dc75c45-r66rb,/api/v1/verifycode/verify/{verifyCode}
1675078756834000000,ts-gateway-service-6f6cfc45b-d9pnv,ts-travel-service-64469b5b48-5rjvb,/api/v1/travelservice/trips/left
1675078756850000000,ts-travel-service-64469b5b48-5rjvb,ts-basic-service-5dc8d4f9fd-llznp,/api/v1/basicservice/basic/travels
1675078756854000000,ts-basic-service-5dc8d4f9fd-llznp,ts-station-service-7f4f5f6f77-hp2zq,/api/v1/stationservice/stations/idlist
1675078756862000000,ts-basic-service-5dc8d4f9fd-llznp,ts-train-service-86f5f97bc9-tlpss,/api/v1/trainservice/trains/byNames
1675078756869000000,ts-basic-service-5dc8d4f9fd-llznp,ts-route-service-b6c59fb57-dz9bw,/api/v1/routeservice/routes/byIds/
1675078756889000000,ts-basic-service-5dc8d4f9fd-llznp,ts-price-service-76846864d9-nmjz7,/api/v1/priceservice/prices/byRouteIdsAndTrainTypes
1675078756907000000,ts-travel-service-64469b5b48-5rjvb,ts-seat-service-5c95b49cff-mxdsg,/api/v1/seatservice/seats/left_tickets
1675078756915000000,ts-seat-service-5c95b49cff-mxdsg,ts-order-service-5b67c48447-fj8b7,/api/v1/orderservice/order/tickets
1675078756923000000,ts-seat-service-5c95b49cff-mxdsg,ts-config-service-5fcd447d84-9qltf,/api/v1/configservice/configs/{configName}
1675078756934000000,ts-travel-service-64469b5b48-5rjvb,ts-seat-service-5c95b49cff-mxdsg,/api/v1/seatservice/seats/left_tickets
1675078756938000000,ts-seat-service-5c95b49cff-mxdsg,ts-order-service-5b67c48447-fj8b7,/api/v1/orderservice/order/tickets
1675078756943000000,ts-seat-service-5c95b49cff-mxdsg,ts-config-service-5fcd447d84-9qltf,/api/v1/configservice/configs/{configName}
1675078757007000000,ts-gateway-service-6f6cfc45b-d9pnv,ts-preserve-service-b5ccf8557-l5l4p,/api/v1/preserveservice/preserve
1675078757012000000,ts-preserve-service-b5ccf8557-l5l4p,ts-security-service-cb9788d56-bdkcx,/api/v1/securityservice/securityConfigs/{accountId}
1675078757017000000,ts-security-service-cb9788d56-bdkcx,ts-order-service-5b67c48447-fj8b7,/api/v1/orderservice/order/security/{checkDate}/{accountId}
1675078757038000000,ts-security-service-cb9788d56-bdkcx,ts-order-other-service-6cdbf9b4cc-swvb5,/api/v1/orderOtherService/orderOther/security/{checkDate}/{accountId}
1675078757058000000,ts-preserve-service-b5ccf8557-l5l4p,ts-contacts-service-866bd68c97-dzqgd,/api/v1/contactservice/contacts/{id}
1675078757076000000,ts-preserve-service-b5ccf8557-l5l4p,ts-travel-service-64469b5b48-5rjvb,/api/v1/travelservice/trip_detail
1675078757085000000,ts-travel-service-64469b5b48-5rjvb,ts-basic-service-5dc8d4f9fd-llznp,/api/v1/basicservice/basic/travel
1675078757088000000,ts-basic-service-5dc8d4f9fd-llznp,ts-station-service-7f4f5f6f77-hp2zq,/api/v1/stationservice/stations/id/{stationNameForId}
1675078757093000000,ts-basic-service-5dc8d4f9fd-llznp,ts-station-service-7f4f5f6f77-hp2zq,/api/v1/stationservice/stations/id/{stationNameForId}
1675078757096000000,ts-basic-service-5dc8d4f9fd-llznp,ts-train-service-86f5f97bc9-tlpss,/api/v1/trainservice/trains/byName/{name}
1675078757101000000,ts-basic-service-5dc8d4f9fd-llznp,ts-route-service-b6c59fb57-dz9bw,/api/v1/routeservice/routes/{routeId}
1675078757114000000,ts-basic-service-5dc8d4f9fd-llznp,ts-price-service-76846864d9-nmjz7,/api/v1/priceservice/prices/{routeId}/{trainType}
1675078757126000000,ts-travel-service-64469b5b48-5rjvb,ts-seat-service-5c95b49cff-mxdsg,/api/v1/seatservice/seats/left_tickets
1675078757133000000,ts-seat-service-5c95b49cff-mxdsg,ts-order-service-5b67c48447-fj8b7,/api/v1/orderservice/order/tickets
1675078757149000000,ts-seat-service-5c95b49cff-mxdsg,ts-config-service-5fcd447d84-9qltf,/api/v1/configservice/configs/{configName}
1675078757158000000,ts-travel-service-64469b5b48-5rjvb,ts-seat-service-5c95b49cff-mxdsg,/api/v1/seatservice/seats/left_tickets
1675078757162000000,ts-seat-service-5c95b49cff-mxdsg,ts-order-service-5b67c48447-fj8b7,/api/v1/orderservice/order/tickets
1675078757226000000,ts-seat-service-5c95b49cff-mxdsg,ts-config-service-5fcd447d84-9qltf,/api/v1/configservice/configs/{configName}
1675078757241000000,ts-preserve-service-b5ccf8557-l5l4p,ts-basic-service-5dc8d4f9fd-llznp,/api/v1/basicservice/basic/travel
1675078757243000000,ts-basic-service-5dc8d4f9fd-llznp,ts-station-service-7f4f5f6f77-hp2zq,/api/v1/stationservice/stations/id/{stationNameForId}
1675078757248000000,ts-basic-service-5dc8d4f9fd-llznp,ts-station-service-7f4f5f6f77-hp2zq,/api/v1/stationservice/stations/id/{stationNameForId}
1675078757251000000,ts-basic-service-5dc8d4f9fd-llznp,ts-train-service-86f5f97bc9-tlpss,/api/v1/trainservice/trains/byName/{name}
1675078757256000000,ts-basic-service-5dc8d4f9fd-llznp,ts-route-service-b6c59fb57-dz9bw,/api/v1/routeservice/routes/{routeId}
1675078757270000000,ts-basic-service-5dc8d4f9fd-llznp,ts-price-service-76846864d9-nmjz7,/api/v1/priceservice/prices/{routeId}/{trainType}
1675078757281000000,ts-preserve-service-b5ccf8557-l5l4p,ts-seat-service-5c95b49cff-mxdsg,/api/v1/seatservice/seats
1675078757285000000,ts-seat-service-5c95b49cff-mxdsg,ts-order-service-5b67c48447-fj8b7,/api/v1/orderservice/order/tickets
1675078757485000000,ts-preserve-service-b5ccf8557-l5l4p,ts-order-service-5b67c48447-fj8b7,/api/v1/orderservice/order
1675078757504000000,ts-preserve-service-b5ccf8557-l5l4p,ts-user-service-687d654649-f8jtd,/api/v1/userservice/users/id/{userId}
1675078757843000000,ts-gateway-service-6f6cfc45b-d9pnv,ts-inside-payment-service-6f94c49ccd-t4k6c,/api/v1/inside_pay_service/inside_payment
1675078757851000000,ts-inside-payment-service-6f94c49ccd-t4k6c,ts-order-service-5b67c48447-fj8b7,/api/v1/orderservice/order/{orderId}
1675078758356000000,ts-gateway-service-6f6cfc45b-d9pnv,ts-cancel-service-756f6c4675-prw5z,/api/v1/cancelservice/cancel/{orderId}/{loginId}
1675078758366000000,ts-cancel-service-756f6c4675-prw5z,ts-order-service-5b67c48447-fj8b7,/api/v1/orderservice/order/{orderId}
1675078758376000000,ts-cancel-service-756f6c4675-prw5z,ts-order-service-5b67c48447-fj8b7,/api/v1/orderservice/order
1675078758393000000,ts-cancel-service-756f6c4675-prw5z,ts-inside-payment-service-6f94c49ccd-t4k6c,/api/v1/inside_pay_service/inside_payment/drawback/{userId}/{money}
1675078758430000000,ts-cancel-service-756f6c4675-prw5z,ts-user-service-687d654649-f8jtd,/api/v1/userservice/users/id/{userId}
1675078760209000000,ts-gateway-service-6f6cfc45b-d9pnv,ts-travel-service-64469b5b48-5rjvb,/api/v1/travelservice/trips/left
1675078760226000000,ts-travel-service-64469b5b48-5rjvb,ts-basic-service-5dc8d4f9fd-llznp,/api/v1/basicservice/basic/travels
1675078760231000000,ts-basic-service-5dc8d4f9fd-llznp,ts-station-service-7f4f5f6f77-hp2zq,/api/v1/stationservice/stations/idlist
1675078760239000000,ts-basic-service-5dc8d4f9fd-llznp,ts-train-service-86f5f97bc9-tlpss,/api/v1/trainservice/trains/byNames
1675078760247000000,ts-basic-service-5dc8d4f9fd-llznp,ts-route-service-b6c59fb57-dz9bw,/api/v1/routeservice/routes/byIds/
1675078760267000000,ts-basic-service-5dc8d4f9fd-llznp,ts-price-service-76846864d9-nmjz7,/api/v1/priceservice/prices/byRouteIdsAndTrainTypes
1675078760287000000,ts-travel-service-64469b5b48-5rjvb,ts-seat-service-5c95b49cff-mxdsg,/api/v1/seatservice/seats/left_tickets
1675078760293000000,ts-seat-service-5c95b49cff-mxdsg,ts-order-service-5b67c48447-fj8b7,/api/v1/orderservice/order/tickets
1675078760301000000,ts-gateway-service-6f6cfc45b-d9pnv,ts-travel2-service-5c66d57d58-zxw8n,/api/v1/travel2service/trips/left
1675078760310000000,ts-travel2-service-5c66d57d58-zxw8n,ts-basic-service-5dc8d4f9fd-llznp,/api/v1/basicservice/basic/travels
1675078760313000000,ts-basic-service-5dc8d4f9fd-llznp,ts-station-service-7f4f5f6f77-hp2zq,/api/v1/stationservice/stations/idlist
1675078760317000000,ts-basic-service-5dc8d4f9fd-llznp,ts-train-service-86f5f97bc9-tlpss,/api/v1/trainservice/trains/byNames
1675078760322000000,ts-basic-service-5dc8d4f9fd-llznp,ts-route-service-b6c59fb57-dz9bw,/api/v1/routeservice/routes/byIds/
1675078760323000000,ts-seat-service-5c95b49cff-mxdsg,ts-config-service-5fcd447d84-9qltf,/api/v1/configservice/configs/{configName}
1675078760335000000,ts-travel-service-64469b5b48-5rjvb,ts-seat-service-5c95b49cff-mxdsg,/api/v1/seatservice/seats/left_tickets
1675078760340000000,ts-seat-service-5c95b49cff-mxdsg,ts-order-service-5b67c48447-fj8b7,/api/v1/orderservice/order/tickets
1675078760342000000,ts-basic-service-5dc8d4f9fd-llznp,ts-price-service-76846864d9-nmjz7,/api/v1/priceservice/prices/byRouteIdsAndTrainTypes
1675078760345000000,ts-seat-service-5c95b49cff-mxdsg,ts-config-service-5fcd447d84-9qltf,/api/v1/configservice/configs/{configName}
1675078760354000000,ts-travel2-service-5c66d57d58-zxw8n,ts-seat-service-5c95b49cff-mxdsg,/api/v1/seatservice/seats/left_tickets
1675078760357000000,ts-travel-service-64469b5b48-5rjvb,ts-seat-service-5c95b49cff-mxdsg,/api/v1/seatservice/seats/left_tickets
1675078760359000000,ts-seat-service-5c95b49cff-mxdsg,ts-order-other-service-6cdbf9b4cc-swvb5,/api/v1/orderOtherService/orderOther/tickets
1675078760361000000,ts-seat-service-5c95b49cff-mxdsg,ts-order-service-5b67c48447-fj8b7,/api/v1/orderservice/order/tickets
1675078760365000000,ts-seat-service-5c95b49cff-mxdsg,ts-config-service-5fcd447d84-9qltf,/api/v1/configservice/configs/{configName}
1675078760384000000,ts-seat-service-5c95b49cff-mxdsg,ts-config-service-5fcd447d84-9qltf,/api/v1/configservice/configs/{configName}
1675078760389000000,ts-travel2-service-5c66d57d58-zxw8n,ts-seat-service-5c95b49cff-mxdsg,/api/v1/seatservice/seats/left_tickets
1675078760393000000,ts-seat-service-5c95b49cff-mxdsg,ts-order-other-service-6cdbf9b4cc-swvb5,/api/v1/orderOtherService/orderOther/tickets
1675078760400000000,ts-travel-service-64469b5b48-5rjvb,ts-seat-service-5c95b49cff-mxdsg,/api/v1/seatservice/seats/left_tickets
1675078760402000000,ts-seat-service-5c95b49cff-mxdsg,ts-config-service-5fcd447d84-9qltf,/api/v1/configservice/configs/{configName}
1675078760403000000,ts-seat-service-5c95b49cff-mxdsg,ts-order-service-5b67c48447-fj8b7,/api/v1/orderservice/order/tickets
1675078760410000000,ts-seat-service-5c95b49cff-mxdsg,ts-config-service-5fcd447d84-9qltf,/api/v1/configservice/configs/{configName}
1675078760420000000,ts-travel-service-64469b5b48-5rjvb,ts-seat-service-5c95b49cff-mxdsg,/api/v1/seatservice/seats/left_tickets
1675078760424000000,ts-seat-service-5c95b49cff-mxdsg,ts-order-service-5b67c48447-fj8b7,/api/v1/orderservice/order/tickets
1675078760429000000,ts-seat-service-5c95b49cff-mxdsg,ts-config-service-5fcd447d84-9qltf,/api/v1/configservice/configs/{configName}
1675078760437000000,ts-travel-service-64469b5b48-5rjvb,ts-seat-service-5c95b49cff-mxdsg,/api/v1/seatservice/seats/left_tickets
1675078760440000000,ts-seat-service-5c95b49cff-mxdsg,ts-order-service-5b67c48447-fj8b7,/api/v1/orderservice/order/tickets
1675078760442000000,ts-gateway-service-6f6cfc45b-d9pnv,ts-food-service-f5756978c-6sb8t,/api/v1/foodservice/foods/{date}/{startStation}/{endStation}/{tripId}
1675078760446000000,ts-seat-service-5c95b49cff-mxdsg,ts-config-service-5fcd447d84-9qltf,/api/v1/configservice/configs/{configName}
1675078760448000000,ts-food-service-f5756978c-6sb8t,ts-train-food-service-59bbbdd99b-cz98n,/api/v1/trainfoodservice/trainfoods/{tripId}
1675078760459000000,ts-food-service-f5756978c-6sb8t,ts-travel-service-64469b5b48-5rjvb,/api/v1/travelservice/routes/{tripId}
1675078760473000000,ts-travel-service-64469b5b48-5rjvb,ts-route-service-b6c59fb57-dz9bw,/api/v1/routeservice/routes/{routeId}
1675078760493000000,ts-food-service-f5756978c-6sb8t,ts-station-food-service-dc4d75dd-k65k2,/api/v1/stationfoodservice/stationfoodstores
1675078760550000000,ts-gateway-service-6f6cfc45b-d9pnv,ts-preserve-other-service-66646bdb5b-l8hp6,/api/v1/preserveotherservice/preserveOther
1675078760556000000,ts-preserve-other-service-66646bdb5b-l8hp6,ts-security-service-cb9788d56-bdkcx,/api/v1/securityservice/securityConfigs/{accountId}
1675078760562000000,ts-security-service-cb9788d56-bdkcx,ts-order-service-5b67c48447-fj8b7,/api/v1/orderservice/order/security/{checkDate}/{accountId}
1675078760575000000,ts-security-service-cb9788d56-bdkcx,ts-order-other-service-6cdbf9b4cc-swvb5,/api/v1/orderOtherService/orderOther/security/{checkDate}/{accountId}
1675078760592000000,ts-preserve-other-service-66646bdb5b-l8hp6,ts-contacts-service-866bd68c97-dzqgd,/api/v1/contactservice/contacts/{id}
1675078760614000000,ts-preserve-other-service-66646bdb5b-l8hp6,ts-travel2-service-5c66d57d58-zxw8n,/api/v1/travel2service/trip_detail
1675078760618000000,ts-travel2-service-5c66d57d58-zxw8n,ts-basic-service-5dc8d4f9fd-llznp,/api/v1/basicservice/basic/travel
1675078760621000000,ts-basic-service-5dc8d4f9fd-llznp,ts-station-service-7f4f5f6f77-hp2zq,/api/v1/stationservice/stations/id/{stationNameForId}
1675078760625000000,ts-basic-service-5dc8d4f9fd-llznp,ts-station-service-7f4f5f6f77-hp2zq,/api/v1/stationservice/stations/id/{stationNameForId}
1675078760629000000,ts-basic-service-5dc8d4f9fd-llznp,ts-train-service-86f5f97bc9-tlpss,/api/v1/trainservice/trains/byName/{name}
1675078760633000000,ts-basic-service-5dc8d4f9fd-llznp,ts-route-service-b6c59fb57-dz9bw,/api/v1/routeservice/routes/{routeId}
1675078760653000000,ts-basic-service-5dc8d4f9fd-llznp,ts-price-service-76846864d9-nmjz7,/api/v1/priceservice/prices/{routeId}/{trainType}
1675078760664000000,ts-travel2-service-5c66d57d58-zxw8n,ts-seat-service-5c95b49cff-mxdsg,/api/v1/seatservice/seats/left_tickets
1675078760668000000,ts-seat-service-5c95b49cff-mxdsg,ts-order-other-service-6cdbf9b4cc-swvb5,/api/v1/orderOtherService/orderOther/tickets
1675078760680000000,ts-seat-service-5c95b49cff-mxdsg,ts-config-service-5fcd447d84-9qltf,/api/v1/configservice/configs/{configName}
1675078760687000000,ts-travel2-service-5c66d57d58-zxw8n,ts-seat-service-5c95b49cff-mxdsg,/api/v1/seatservice/seats/left_tickets
1675078760690000000,ts-seat-service-5c95b49cff-mxdsg,ts-order-other-service-6cdbf9b4cc-swvb5,/api/v1/orderOtherService/orderOther/tickets
1675078760743000000,ts-seat-service-5c95b49cff-mxdsg,ts-config-service-5fcd447d84-9qltf,/api/v1/configservice/configs/{configName}
1675078760784000000,ts-preserve-other-service-66646bdb5b-l8hp6,ts-basic-service-5dc8d4f9fd-llznp,/api/v1/basicservice/basic/travel
1675078760786000000,ts-basic-service-5dc8d4f9fd-llznp,ts-station-service-7f4f5f6f77-hp2zq,/api/v1/stationservice/stations/id/{stationNameForId}
1675078760791000000,ts-basic-service-5dc8d4f9fd-llznp,ts-station-service-7f4f5f6f77-hp2zq,/api/v1/stationservice/stations/id/{stationNameForId}
1675078760794000000,ts-basic-service-5dc8d4f9fd-llznp,ts-train-service-86f5f97bc9-tlpss,/api/v1/trainservice/trains/byName/{name}
1675078760798000000,ts-basic-service-5dc8d4f9fd-llznp,ts-route-service-b6c59fb57-dz9bw,/api/v1/routeservice/routes/{routeId}
1675078760811000000,ts-basic-service-5dc8d4f9fd-llznp,ts-price-service-76846864d9-nmjz7,/api/v1/priceservice/prices/{routeId}/{trainType}
1675078760824000000,ts-preserve-other-service-66646bdb5b-l8hp6,ts-seat-service-5c95b49cff-mxdsg,/api/v1/seatservice/seats
1675078760828000000,ts-seat-service-5c95b49cff-mxdsg,ts-order-other-service-6cdbf9b4cc-swvb5,/api/v1/orderOtherService/orderOther/tickets
1675078760865000000,ts-preserve-other-service-66646bdb5b-l8hp6,ts-order-other-service-6cdbf9b4cc-swvb5,/api/v1/orderOtherService/orderOther
1675078760881000000,ts-preserve-other-service-66646bdb5b-l8hp6,ts-assurance-service-69876c9868-wqgrl,/api/v1/assuranceservice/assurances/{typeIndex}/{orderId}
1675078760905000000,ts-preserve-other-service-66646bdb5b-l8hp6,ts-food-service-f5756978c-6sb8t,/api/v1/foodservice/orders
1675078760918000000,ts-food-service-f5756978c-6sb8t,ts-delivery-service-7d97b69596-gfnbr,food_delivery process
1675078760919000000,ts-food-service-f5756978c-6sb8t,ts-delivery-service-7d97b69596-gfnbr,food_delivery process
1675078760921000000,ts-preserve-other-service-66646bdb5b-l8hp6,ts-user-service-687d654649-f8jtd,/api/v1/userservice/users/id/{userId}
1675078761567000000,ts-gateway-service-6f6cfc45b-d9pnv,ts-execute-service-775f544d9-tmwcv,/api/v1/executeservice/execute/collected/{orderId}
1675078761573000000,ts-execute-service-775f544d9-tmwcv,ts-order-service-5b67c48447-fj8b7,/api/v1/orderservice/order/{orderId}
1675078761582000000,ts-execute-service-775f544d9-tmwcv,ts-order-other-service-6cdbf9b4cc-swvb5,/api/v1/orderOtherService/orderOther/{orderId}
1675078761587000000,ts-execute-service-775f544d9-tmwcv,ts-order-other-service-6cdbf9b4cc-swvb5,/api/v1/orderOtherService/orderOther/status/{orderId}/{status}
1675078762640000000,ts-gateway-service-6f6cfc45b-d9pnv,ts-travel-service-64469b5b48-5rjvb,/api/v1/travelservice/trips/left
1675078762670000000,ts-travel-service-64469b5b48-5rjvb,ts-basic-service-5dc8d4f9fd-llznp,/api/v1/basicservice/basic/travels
1675078762673000000,ts-basic-service-5dc8d4f9fd-llznp,ts-station-service-7f4f5f6f77-hp2zq,/api/v1/stationservice/stations/idlist
1675078762679000000,ts-basic-service-5dc8d4f9fd-llznp,ts-train-service-86f5f97bc9-tlpss,/api/v1/trainservice/trains/byNames
1675078762686000000,ts-basic-service-5dc8d4f9fd-llznp,ts-route-service-b6c59fb57-dz9bw,/api/v1/routeservice/routes/byIds/
1675078762706000000,ts-basic-service-5dc8d4f9fd-llznp,ts-price-service-76846864d9-nmjz7,/api/v1/priceservice/prices/byRouteIdsAndTrainTypes
1675078762721000000,ts-travel-service-64469b5b48-5rjvb,ts-seat-service-5c95b49cff-mxdsg,/api/v1/seatservice/seats/left_tickets
1675078762727000000,ts-seat-service-5c95b49cff-mxdsg,ts-order-service-5b67c48447-fj8b7,/api/v1/orderservice/order/tickets
1675078762734000000,ts-seat-service-5c95b49cff-mxdsg,ts-config-service-5fcd447d84-9qltf,/api/v1/configservice/configs/{configName}
1675078762745000000,ts-travel-service-64469b5b48-5rjvb,ts-seat-service-5c95b49cff-mxdsg,/api/v1/seatservice/seats/left_tickets
1675078762749000000,ts-seat-service-5c95b49cff-mxdsg,ts-order-service-5b67c48447-fj8b7,/api/v1/orderservice/order/tickets
1675078762754000000,ts-seat-service-5c95b49cff-mxdsg,ts-config-service-5fcd447d84-9qltf,/api/v1/configservice/configs/{configName}
1675078762786000000,ts-travel-service-64469b5b48-5rjvb,ts-seat-service-5c95b49cff-mxdsg,/api/v1/seatservice/seats/left_tickets
1675078762789000000,ts-seat-service-5c95b49cff-mxdsg,ts-order-service-5b67c48447-fj8b7,/api/v1/orderservice/order/tickets
1675078762795000000,ts-seat-service-5c95b49cff-mxdsg,ts-config-service-5fcd447d84-9qltf,/api/v1/configservice/configs/{configName}
1675078762804000000,ts-travel-service-64469b5b48-5rjvb,ts-seat-service-5c95b49cff-mxdsg,/api/v1/seatservice/seats/left_tickets
1675078762807000000,ts-seat-service-5c95b49cff-mxdsg,ts-order-service-5b67c48447-fj8b7,/api/v1/orderservice/order/tickets
1675078762812000000,ts-seat-service-5c95b49cff-mxdsg,ts-config-service-5fcd447d84-9qltf,/api/v1/configservice/configs/{configName}
1675078762841000000,ts-travel-service-64469b5b48-5rjvb,ts-seat-service-5c95b49cff-mxdsg,/api/v1/seatservice/seats/left_tickets
1675078762845000000,ts-seat-service-5c95b49cff-mxdsg,ts-order-service-5b67c48447-fj8b7,/api/v1/orderservice/order/tickets
1675078762850000000,ts-seat-service-5c95b49cff-mxdsg,ts-config-service-5fcd447d84-9qltf,/api/v1/configservice/configs/{configName}
1675078762858000000,ts-travel-service-64469b5b48-5rjvb,ts-seat-service-5c95b49cff-mxdsg,/api/v1/seatservice/seats/left_tickets
1675078762862000000,ts-seat-service-5c95b49cff-mxdsg,ts-order-service-5b67c48447-fj8b7,/api/v1/orderservice/order/tickets
1675078762867000000,ts-seat-service-5c95b49cff-mxdsg,ts-config-service-5fcd447d84-9qltf,/api/v1/configservice/configs/{configName}
1675078763915000000,ts-gateway-service-6f6cfc45b-d9pnv,ts-travel-service-64469b5b48-5rjvb,/api/v1/travelservice/trips/left
1675078763928000000,ts-travel-service-64469b5b48-5rjvb,ts-basic-service-5dc8d4f9fd-llznp,/api/v1/basicservice/basic/travels
1675078763931000000,ts-basic-service-5dc8d4f9fd-llznp,ts-station-service-7f4f5f6f77-hp2zq,/api/v1/stationservice/stations/idlist
1675078763937000000,ts-basic-service-5dc8d4f9fd-llznp,ts-train-service-86f5f97bc9-tlpss,/api/v1/trainservice/trains/byNames
1675078763942000000,ts-basic-service-5dc8d4f9fd-llznp,ts-route-service-b6c59fb57-dz9bw,/api/v1/routeservice/routes/byIds/
1675078763979000000,ts-basic-service-5dc8d4f9fd-llznp,ts-price-service-76846864d9-nmjz7,/api/v1/priceservice/prices/byRouteIdsAndTrainTypes
1675078763994000000,ts-travel-service-64469b5b48-5rjvb,ts-seat-service-5c95b49cff-mxdsg,/api/v1/seatservice/seats/left_tickets
1675078763999000000,ts-seat-service-5c95b49cff-mxdsg,ts-order-service-5b67c48447-fj8b7,/api/v1/orderservice/order/tickets
1675078764005000000,ts-seat-service-5c95b49cff-mxdsg,ts-config-service-5fcd447d84-9qltf,/api/v1/configservice/configs/{configName}
1675078764028000000,ts-travel-service-64469b5b48-5rjvb,ts-seat-service-5c95b49cff-mxdsg,/api/v1/seatservice/seats/left_tickets
1675078764031000000,ts-seat-service-5c95b49cff-mxdsg,ts-order-service-5b67c48447-fj8b7,/api/v1/orderservice/order/tickets
1675078764064000000,ts-seat-service-5c95b49cff-mxdsg,ts-config-service-5fcd447d84-9qltf,/api/v1/configservice/configs/{configName}
1675078764074000000,ts-travel-service-64469b5b48-5rjvb,ts-seat-service-5c95b49cff-mxdsg,/api/v1/seatservice/seats/left_tickets
1675078764078000000,ts-seat-service-5c95b49cff-mxdsg,ts-order-service-5b67c48447-fj8b7,/api/v1/orderservice/order/tickets
1675078764082000000,ts-seat-service-5c95b49cff-mxdsg,ts-config-service-5fcd447d84-9qltf,/api/v1/configservice/configs/{configName}
1675078764107000000,ts-travel-service-64469b5b48-5rjvb,ts-seat-service-5c95b49cff-mxdsg,/api/v1/seatservice/seats/left_tickets
1675078764111000000,ts-seat-service-5c95b49cff-mxdsg,ts-order-service-5b67c48447-fj8b7,/api/v1/orderservice/order/tickets
1675078764115000000,ts-seat-service-5c95b49cff-mxdsg,ts-config-service-5fcd447d84-9qltf,/api/v1/configservice/configs/{configName}
1675078764124000000,ts-travel-service-64469b5b48-5rjvb,ts-seat-service-5c95b49cff-mxdsg,/api/v1/seatservice/seats/left_tickets
1675078764127000000,ts-seat-service-5c95b49cff-mxdsg,ts-order-service-5b67c48447-fj8b7,/api/v1/orderservice/order/tickets
1675078764132000000,ts-seat-service-5c95b49cff-mxdsg,ts-config-service-5fcd447d84-9qltf,/api/v1/configservice/configs/{configName}
1675078764159000000,ts-travel-service-64469b5b48-5rjvb,ts-seat-service-5c95b49cff-mxdsg,/api/v1/seatservice/seats/left_tickets
1675078764163000000,ts-seat-service-5c95b49cff-mxdsg,ts-order-service-5b67c48447-fj8b7,/api/v1/orderservice/order/tickets
1675078764168000000,ts-seat-service-5c95b49cff-mxdsg,ts-config-service-5fcd447d84-9qltf,/api/v1/configservice/configs/{configName}
1675078764762000000,ts-gateway-service-6f6cfc45b-d9pnv,ts-travel2-service-5c66d57d58-zxw8n,/api/v1/travel2service/trips/left
1675078764771000000,ts-travel2-service-5c66d57d58-zxw8n,ts-basic-service-5dc8d4f9fd-llznp,/api/v1/basicservice/basic/travels
1675078764773000000,ts-basic-service-5dc8d4f9fd-llznp,ts-station-service-7f4f5f6f77-hp2zq,/api/v1/stationservice/stations/idlist
1675078764778000000,ts-basic-service-5dc8d4f9fd-llznp,ts-train-service-86f5f97bc9-tlpss,/api/v1/trainservice/trains/byNames
1675078764784000000,ts-basic-service-5dc8d4f9fd-llznp,ts-route-service-b6c59fb57-dz9bw,/api/v1/routeservice/routes/byIds/
1675078764804000000,ts-basic-service-5dc8d4f9fd-llznp,ts-price-service-76846864d9-nmjz7,/api/v1/priceservice/prices/byRouteIdsAndTrainTypes
1675078764816000000,ts-travel2-service-5c66d57d58-zxw8n,ts-seat-service-5c95b49cff-mxdsg,/api/v1/seatservice/seats/left_tickets
1675078764822000000,ts-seat-service-5c95b49cff-mxdsg,ts-order-other-service-6cdbf9b4cc-swvb5,/api/v1/orderOtherService/orderOther/tickets
1675078764829000000,ts-seat-service-5c95b49cff-mxdsg,ts-config-service-5fcd447d84-9qltf,/api/v1/configservice/configs/{configName}
1675078764881000000,ts-travel2-service-5c66d57d58-zxw8n,ts-seat-service-5c95b49cff-mxdsg,/api/v1/seatservice/seats/left_tickets
1675078764885000000,ts-seat-service-5c95b49cff-mxdsg,ts-order-other-service-6cdbf9b4cc-swvb5,/api/v1/orderOtherService/orderOther/tickets
1675078764890000000,ts-seat-service-5c95b49cff-mxdsg,ts-config-service-5fcd447d84-9qltf,/api/v1/configservice/configs/{configName}
1675078766168000000,ts-gateway-service-6f6cfc45b-d9pnv,ts-auth-service-7f8d7d756d-kzp47,/api/v1/users/login
1675078766176000000,ts-auth-service-7f8d7d756d-kzp47,ts-verification-code-service-7b6dc75c45-r66rb,/api/v1/verifycode/verify/{verifyCode}
1675078767872000000,ts-gateway-service-6f6cfc45b-d9pnv,ts-travel-service-64469b5b48-5rjvb,/api/v1/travelservice/trips/left
1675078770909000000,ts-gateway-service-6f6cfc45b-d9pnv,ts-cancel-service-756f6c4675-prw5z,/api/v1/cancelservice/cancel/{orderId}/{loginId}
1675078770922000000,ts-cancel-service-756f6c4675-prw5z,ts-order-service-5b67c48447-fj8b7,/api/v1/orderservice/order/{orderId}
1675078770932000000,ts-cancel-service-756f6c4675-prw5z,ts-order-service-5b67c48447-fj8b7,/api/v1/orderservice/order
1675078770949000000,ts-cancel-service-756f6c4675-prw5z,ts-inside-payment-service-6f94c49ccd-t4k6c,/api/v1/inside_pay_service/inside_payment/drawback/{userId}/{money}
1675078770978000000,ts-cancel-service-756f6c4675-prw5z,ts-user-service-687d654649-f8jtd,/api/v1/userservice/users/id/{userId}
1675078771196000000,ts-gateway-service-6f6cfc45b-d9pnv,ts-travel2-service-5c66d57d58-zxw8n,/api/v1/travel2service/trips/left
1675078771204000000,ts-gateway-service-6f6cfc45b-d9pnv,ts-auth-service-7f8d7d756d-kzp47,/api/v1/users/login
1675078771208000000,ts-travel2-service-5c66d57d58-zxw8n,ts-basic-service-5dc8d4f9fd-llznp,/api/v1/basicservice/basic/travels
1675078771213000000,ts-basic-service-5dc8d4f9fd-llznp,ts-station-service-7f4f5f6f77-hp2zq,/api/v1/stationservice/stations/idlist
1675078771215000000,ts-gateway-service-6f6cfc45b-d9pnv,ts-auth-service-7f8d7d756d-kzp47,/api/v1/users/login
1675078771220000000,ts-auth-service-7f8d7d756d-kzp47,ts-verification-code-service-7b6dc75c45-r66rb,/api/v1/verifycode/verify/{verifyCode}
1675078771221000000,ts-basic-service-5dc8d4f9fd-llznp,ts-train-service-86f5f97bc9-tlpss,/api/v1/trainservice/trains/byNames
1675078771229000000,ts-basic-service-5dc8d4f9fd-llznp,ts-route-service-b6c59fb57-dz9bw,/api/v1/routeservice/routes/byIds/
1675078771249000000,ts-basic-service-5dc8d4f9fd-llznp,ts-price-service-76846864d9-nmjz7,/api/v1/priceservice/prices/byRouteIdsAndTrainTypes
1675078771267000000,ts-travel2-service-5c66d57d58-zxw8n,ts-seat-service-5c95b49cff-mxdsg,/api/v1/seatservice/seats/left_tickets
1675078771275000000,ts-seat-service-5c95b49cff-mxdsg,ts-order-other-service-6cdbf9b4cc-swvb5,/api/v1/orderOtherService/orderOther/tickets
1675078771277000000,ts-auth-service-7f8d7d756d-kzp47,ts-verification-code-service-7b6dc75c45-r66rb,/api/v1/verifycode/verify/{verifyCode}
1675078771284000000,ts-seat-service-5c95b49cff-mxdsg,ts-config-service-5fcd447d84-9qltf,/api/v1/configservice/configs/{configName}
1675078771294000000,ts-travel2-service-5c66d57d58-zxw8n,ts-seat-service-5c95b49cff-mxdsg,/api/v1/seatservice/seats/left_tickets
1675078771296000000,ts-seat-service-5c95b49cff-mxdsg,ts-order-other-service-6cdbf9b4cc-swvb5,/api/v1/orderOtherService/orderOther/tickets
1675078771301000000,ts-seat-service-5c95b49cff-mxdsg,ts-config-service-5fcd447d84-9qltf,/api/v1/configservice/configs/{configName}
1675078771365000000,ts-gateway-service-6f6cfc45b-d9pnv,ts-preserve-other-service-66646bdb5b-l8hp6,/api/v1/preserveotherservice/preserveOther
1675078771371000000,ts-preserve-other-service-66646bdb5b-l8hp6,ts-security-service-cb9788d56-bdkcx,/api/v1/securityservice/securityConfigs/{accountId}
1675078771378000000,ts-security-service-cb9788d56-bdkcx,ts-order-service-5b67c48447-fj8b7,/api/v1/orderservice/order/security/{checkDate}/{accountId}
1675078771400000000,ts-security-service-cb9788d56-bdkcx,ts-order-other-service-6cdbf9b4cc-swvb5,/api/v1/orderOtherService/orderOther/security/{checkDate}/{accountId}
1675078771417000000,ts-preserve-other-service-66646bdb5b-l8hp6,ts-contacts-service-866bd68c97-dzqgd,/api/v1/contactservice/contacts/{id}
1675078771434000000,ts-preserve-other-service-66646bdb5b-l8hp6,ts-travel2-service-5c66d57d58-zxw8n,/api/v1/travel2service/trip_detail
1675078771438000000,ts-travel2-service-5c66d57d58-zxw8n,ts-basic-service-5dc8d4f9fd-llznp,/api/v1/basicservice/basic/travel
1675078771441000000,ts-basic-service-5dc8d4f9fd-llznp,ts-station-service-7f4f5f6f77-hp2zq,/api/v1/stationservice/stations/id/{stationNameForId}
1675078771445000000,ts-basic-service-5dc8d4f9fd-llznp,ts-station-service-7f4f5f6f77-hp2zq,/api/v1/stationservice/stations/id/{stationNameForId}
1675078771448000000,ts-basic-service-5dc8d4f9fd-llznp,ts-train-service-86f5f97bc9-tlpss,/api/v1/trainservice/trains/byName/{name}
1675078771453000000,ts-basic-service-5dc8d4f9fd-llznp,ts-route-service-b6c59fb57-dz9bw,/api/v1/routeservice/routes/{routeId}
1675078771467000000,ts-basic-service-5dc8d4f9fd-llznp,ts-price-service-76846864d9-nmjz7,/api/v1/priceservice/prices/{routeId}/{trainType}
1675078771477000000,ts-travel2-service-5c66d57d58-zxw8n,ts-seat-service-5c95b49cff-mxdsg,/api/v1/seatservice/seats/left_tickets
1675078771481000000,ts-seat-service-5c95b49cff-mxdsg,ts-order-other-service-6cdbf9b4cc-swvb5,/api/v1/orderOtherService/orderOther/tickets
1675078771494000000,ts-seat-service-5c95b49cff-mxdsg,ts-config-service-5fcd447d84-9qltf,/api/v1/configservice/configs/{configName}
1675078771503000000,ts-travel2-service-5c66d57d58-zxw8n,ts-seat-service-5c95b49cff-mxdsg,/api/v1/seatservice/seats/left_tickets
1675078771506000000,ts-seat-service-5c95b49cff-mxdsg,ts-order-other-service-6cdbf9b4cc-swvb5,/api/v1/orderOtherService/orderOther/tickets
1675078771552000000,ts-seat-service-5c95b49cff-mxdsg,ts-config-service-5fcd447d84-9qltf,/api/v1/configservice/configs/{configName}
1675078771565000000,ts-preserve-other-service-66646bdb5b-l8hp6,ts-basic-service-5dc8d4f9fd-llznp,/api/v1/basicservice/basic/travel
1675078771567000000,ts-basic-service-5dc8d4f9fd-llznp,ts-station-service-7f4f5f6f77-hp2zq,/api/v1/stationservice/stations/id/{stationNameForId}
1675078771571000000,ts-basic-service-5dc8d4f9fd-llznp,ts-station-service-7f4f5f6f77-hp2zq,/api/v1/stationservice/stations/id/{stationNameForId}
1675078771574000000,ts-basic-service-5dc8d4f9fd-llznp,ts-train-service-86f5f97bc9-tlpss,/api/v1/trainservice/trains/byName/{name}
1675078771579000000,ts-basic-service-5dc8d4f9fd-llznp,ts-route-service-b6c59fb57-dz9bw,/api/v1/routeservice/routes/{routeId}
1675078771593000000,ts-basic-service-5dc8d4f9fd-llznp,ts-price-service-76846864d9-nmjz7,/api/v1/priceservice/prices/{routeId}/{trainType}
1675078771603000000,ts-preserve-other-service-66646bdb5b-l8hp6,ts-seat-service-5c95b49cff-mxdsg,/api/v1/seatservice/seats
1675078771608000000,ts-seat-service-5c95b49cff-mxdsg,ts-order-other-service-6cdbf9b4cc-swvb5,/api/v1/orderOtherService/orderOther/tickets
1675078771624000000,ts-preserve-other-service-66646bdb5b-l8hp6,ts-order-other-service-6cdbf9b4cc-swvb5,/api/v1/orderOtherService/orderOther
1675078771639000000,ts-preserve-other-service-66646bdb5b-l8hp6,ts-user-service-687d654649-f8jtd,/api/v1/userservice/users/id/{userId}
1675078772699000000,ts-gateway-service-6f6cfc45b-d9pnv,ts-travel-service-64469b5b48-5rjvb,/api/v1/travelservice/trips/left
1675078777143000000,ts-gateway-service-6f6cfc45b-d9pnv,ts-travel2-service-5c66d57d58-zxw8n,/api/v1/travel2service/trips/left
1675078777151000000,ts-travel2-service-5c66d57d58-zxw8n,ts-basic-service-5dc8d4f9fd-llznp,/api/v1/basicservice/basic/travels
1675078777155000000,ts-basic-service-5dc8d4f9fd-llznp,ts-station-service-7f4f5f6f77-hp2zq,/api/v1/stationservice/stations/idlist
1675078777162000000,ts-basic-service-5dc8d4f9fd-llznp,ts-train-service-86f5f97bc9-tlpss,/api/v1/trainservice/trains/byNames
1675078777184000000,ts-basic-service-5dc8d4f9fd-llznp,ts-route-service-b6c59fb57-dz9bw,/api/v1/routeservice/routes/byIds/
1675078777219000000,ts-basic-service-5dc8d4f9fd-llznp,ts-price-service-76846864d9-nmjz7,/api/v1/priceservice/prices/byRouteIdsAndTrainTypes
1675078777233000000,ts-travel2-service-5c66d57d58-zxw8n,ts-seat-service-5c95b49cff-mxdsg,/api/v1/seatservice/seats/left_tickets
1675078777240000000,ts-seat-service-5c95b49cff-mxdsg,ts-order-other-service-6cdbf9b4cc-swvb5,/api/v1/orderOtherService/orderOther/tickets
1675078777249000000,ts-seat-service-5c95b49cff-mxdsg,ts-config-service-5fcd447d84-9qltf,/api/v1/configservice/configs/{configName}
1675078777261000000,ts-travel2-service-5c66d57d58-zxw8n,ts-seat-service-5c95b49cff-mxdsg,/api/v1/seatservice/seats/left_tickets
1675078777265000000,ts-seat-service-5c95b49cff-mxdsg,ts-order-other-service-6cdbf9b4cc-swvb5,/api/v1/orderOtherService/orderOther/tickets
1675078777270000000,ts-seat-service-5c95b49cff-mxdsg,ts-config-service-5fcd447d84-9qltf,/api/v1/configservice/configs/{configName}
1675078777292000000,ts-gateway-service-6f6cfc45b-d9pnv,ts-food-service-f5756978c-6sb8t,/api/v1/foodservice/foods/{date}/{startStation}/{endStation}/{tripId}
1675078777300000000,ts-food-service-f5756978c-6sb8t,ts-train-food-service-59bbbdd99b-cz98n,/api/v1/trainfoodservice/trainfoods/{tripId}
1675078777313000000,ts-food-service-f5756978c-6sb8t,ts-travel-service-64469b5b48-5rjvb,/api/v1/travelservice/routes/{tripId}
1675078777326000000,ts-travel-service-64469b5b48-5rjvb,ts-route-service-b6c59fb57-dz9bw,/api/v1/routeservice/routes/{routeId}
1675078777347000000,ts-food-service-f5756978c-6sb8t,ts-station-food-service-dc4d75dd-k65k2,/api/v1/stationfoodservice/stationfoodstores
1675078777417000000,ts-gateway-service-6f6cfc45b-d9pnv,ts-preserve-other-service-66646bdb5b-l8hp6,/api/v1/preserveotherservice/preserveOther
1675078777422000000,ts-preserve-other-service-66646bdb5b-l8hp6,ts-security-service-cb9788d56-bdkcx,/api/v1/securityservice/securityConfigs/{accountId}
1675078777429000000,ts-security-service-cb9788d56-bdkcx,ts-order-service-5b67c48447-fj8b7,/api/v1/orderservice/order/security/{checkDate}/{accountId}
1675078777444000000,ts-security-service-cb9788d56-bdkcx,ts-order-other-service-6cdbf9b4cc-swvb5,/api/v1/orderOtherService/orderOther/security/{checkDate}/{accountId}
1675078777475000000,ts-preserve-other-service-66646bdb5b-l8hp6,ts-contacts-service-866bd68c97-dzqgd,/api/v1/contactservice/contacts/{id}
1675078777493000000,ts-preserve-other-service-66646bdb5b-l8hp6,ts-travel2-service-5c66d57d58-zxw8n,/api/v1/travel2service/trip_detail
1675078777497000000,ts-travel2-service-5c66d57d58-zxw8n,ts-basic-service-5dc8d4f9fd-llznp,/api/v1/basicservice/basic/travel
1675078777500000000,ts-basic-service-5dc8d4f9fd-llznp,ts-station-service-7f4f5f6f77-hp2zq,/api/v1/stationservice/stations/id/{stationNameForId}
1675078777504000000,ts-basic-service-5dc8d4f9fd-llznp,ts-station-service-7f4f5f6f77-hp2zq,/api/v1/stationservice/stations/id/{stationNameForId}
1675078777507000000,ts-basic-service-5dc8d4f9fd-llznp,ts-train-service-86f5f97bc9-tlpss,/api/v1/trainservice/trains/byName/{name}
1675078777513000000,ts-basic-service-5dc8d4f9fd-llznp,ts-route-service-b6c59fb57-dz9bw,/api/v1/routeservice/routes/{routeId}
1675078777527000000,ts-basic-service-5dc8d4f9fd-llznp,ts-price-service-76846864d9-nmjz7,/api/v1/priceservice/prices/{routeId}/{trainType}
1675078777538000000,ts-travel2-service-5c66d57d58-zxw8n,ts-seat-service-5c95b49cff-mxdsg,/api/v1/seatservice/seats/left_tickets
1675078777543000000,ts-seat-service-5c95b49cff-mxdsg,ts-order-other-service-6cdbf9b4cc-swvb5,/api/v1/orderOtherService/orderOther/tickets
1675078777556000000,ts-seat-service-5c95b49cff-mxdsg,ts-config-service-5fcd447d84-9qltf,/api/v1/configservice/configs/{configName}
1675078777564000000,ts-travel2-service-5c66d57d58-zxw8n,ts-seat-service-5c95b49cff-mxdsg,/api/v1/seatservice/seats/left_tickets
1675078777568000000,ts-seat-service-5c95b49cff-mxdsg,ts-order-other-service-6cdbf9b4cc-swvb5,/api/v1/orderOtherService/orderOther/tickets
1675078777623000000,ts-seat-service-5c95b49cff-mxdsg,ts-config-service-5fcd447d84-9qltf,/api/v1/configservice/configs/{configName}
1675078777651000000,ts-preserve-other-service-66646bdb5b-l8hp6,ts-basic-service-5dc8d4f9fd-llznp,/api/v1/basicservice/basic/travel
1675078777654000000,ts-basic-service-5dc8d4f9fd-llznp,ts-station-service-7f4f5f6f77-hp2zq,/api/v1/stationservice/stations/id/{stationNameForId}
1675078777658000000,ts-basic-service-5dc8d4f9fd-llznp,ts-station-service-7f4f5f6f77-hp2zq,/api/v1/stationservice/stations/id/{stationNameForId}
1675078777661000000,ts-basic-service-5dc8d4f9fd-llznp,ts-train-service-86f5f97bc9-tlpss,/api/v1/trainservice/trains/byName/{name}
1675078777666000000,ts-basic-service-5dc8d4f9fd-llznp,ts-route-service-b6c59fb57-dz9bw,/api/v1/routeservice/routes/{routeId}
1675078777679000000,ts-basic-service-5dc8d4f9fd-llznp,ts-price-service-76846864d9-nmjz7,/api/v1/priceservice/prices/{routeId}/{trainType}
1675078777690000000,ts-preserve-other-service-66646bdb5b-l8hp6,ts-seat-service-5c95b49cff-mxdsg,/api/v1/seatservice/seats
1675078777694000000,ts-seat-service-5c95b49cff-mxdsg,ts-order-other-service-6cdbf9b4cc-swvb5,/api/v1/orderOtherService/orderOther/tickets
1675078777756000000,ts-preserve-other-service-66646bdb5b-l8hp6,ts-order-other-service-6cdbf9b4cc-swvb5,/api/v1/orderOtherService/orderOther
1675078777771000000,ts-preserve-other-service-66646bdb5b-l8hp6,ts-food-service-f5756978c-6sb8t,/api/v1/foodservice/orders
1675078777784000000,ts-food-service-f5756978c-6sb8t,ts-delivery-service-7d97b69596-gfnbr,food_delivery process
1675078777785000000,ts-food-service-f5756978c-6sb8t,ts-delivery-service-7d97b69596-gfnbr,food_delivery process
1675078777788000000,ts-preserve-other-service-66646bdb5b-l8hp6,ts-user-service-687d654649-f8jtd,/api/v1/userservice/users/id/{userId}
1675078777888000000,ts-gateway-service-6f6cfc45b-d9pnv,ts-travel2-service-5c66d57d58-zxw8n,/api/v1/travel2service/trips/left
1675078777895000000,ts-travel2-service-5c66d57d58-zxw8n,ts-basic-service-5dc8d4f9fd-llznp,/api/v1/basicservice/basic/travels
1675078777897000000,ts-basic-service-5dc8d4f9fd-llznp,ts-station-service-7f4f5f6f77-hp2zq,/api/v1/stationservice/stations/idlist
1675078777902000000,ts-basic-service-5dc8d4f9fd-llznp,ts-train-service-86f5f97bc9-tlpss,/api/v1/trainservice/trains/byNames
1675078777924000000,ts-basic-service-5dc8d4f9fd-llznp,ts-route-service-b6c59fb57-dz9bw,/api/v1/routeservice/routes/byIds/
1675078777941000000,ts-basic-service-5dc8d4f9fd-llznp,ts-price-service-76846864d9-nmjz7,/api/v1/priceservice/prices/byRouteIdsAndTrainTypes
1675078777951000000,ts-travel2-service-5c66d57d58-zxw8n,ts-seat-service-5c95b49cff-mxdsg,/api/v1/seatservice/seats/left_tickets
1675078777956000000,ts-seat-service-5c95b49cff-mxdsg,ts-order-other-service-6cdbf9b4cc-swvb5,/api/v1/orderOtherService/orderOther/tickets
1675078777961000000,ts-seat-service-5c95b49cff-mxdsg,ts-config-service-5fcd447d84-9qltf,/api/v1/configservice/configs/{configName}
1675078777983000000,ts-travel2-service-5c66d57d58-zxw8n,ts-seat-service-5c95b49cff-mxdsg,/api/v1/seatservice/seats/left_tickets
1675078777987000000,ts-seat-service-5c95b49cff-mxdsg,ts-order-other-service-6cdbf9b4cc-swvb5,/api/v1/orderOtherService/orderOther/tickets
1675078777992000000,ts-seat-service-5c95b49cff-mxdsg,ts-config-service-5fcd447d84-9qltf,/api/v1/configservice/configs/{configName}
1675078778049000000,ts-gateway-service-6f6cfc45b-d9pnv,ts-preserve-other-service-66646bdb5b-l8hp6,/api/v1/preserveotherservice/preserveOther
1675078778053000000,ts-preserve-other-service-66646bdb5b-l8hp6,ts-security-service-cb9788d56-bdkcx,/api/v1/securityservice/securityConfigs/{accountId}
1675078778057000000,ts-security-service-cb9788d56-bdkcx,ts-order-service-5b67c48447-fj8b7,/api/v1/orderservice/order/security/{checkDate}/{accountId}
1675078778069000000,ts-security-service-cb9788d56-bdkcx,ts-order-other-service-6cdbf9b4cc-swvb5,/api/v1/orderOtherService/orderOther/security/{checkDate}/{accountId}
1675078778083000000,ts-preserve-other-service-66646bdb5b-l8hp6,ts-contacts-service-866bd68c97-dzqgd,/api/v1/contactservice/contacts/{id}
1675078778099000000,ts-preserve-other-service-66646bdb5b-l8hp6,ts-travel2-service-5c66d57d58-zxw8n,/api/v1/travel2service/trip_detail
1675078778103000000,ts-travel2-service-5c66d57d58-zxw8n,ts-basic-service-5dc8d4f9fd-llznp,/api/v1/basicservice/basic/travel
1675078778105000000,ts-basic-service-5dc8d4f9fd-llznp,ts-station-service-7f4f5f6f77-hp2zq,/api/v1/stationservice/stations/id/{stationNameForId}
1675078778110000000,ts-basic-service-5dc8d4f9fd-llznp,ts-station-service-7f4f5f6f77-hp2zq,/api/v1/stationservice/stations/id/{stationNameForId}
1675078778113000000,ts-basic-service-5dc8d4f9fd-llznp,ts-train-service-86f5f97bc9-tlpss,/api/v1/trainservice/trains/byName/{name}
1675078778117000000,ts-basic-service-5dc8d4f9fd-llznp,ts-route-service-b6c59fb57-dz9bw,/api/v1/routeservice/routes/{routeId}
1675078778134000000,ts-basic-service-5dc8d4f9fd-llznp,ts-price-service-76846864d9-nmjz7,/api/v1/priceservice/prices/{routeId}/{trainType}
1675078778143000000,ts-travel2-service-5c66d57d58-zxw8n,ts-seat-service-5c95b49cff-mxdsg,/api/v1/seatservice/seats/left_tickets
1675078778147000000,ts-seat-service-5c95b49cff-mxdsg,ts-order-other-service-6cdbf9b4cc-swvb5,/api/v1/orderOtherService/orderOther/tickets
1675078778160000000,ts-seat-service-5c95b49cff-mxdsg,ts-config-service-5fcd447d84-9qltf,/api/v1/configservice/configs/{configName}
1675078778168000000,ts-travel2-service-5c66d57d58-zxw8n,ts-seat-service-5c95b49cff-mxdsg,/api/v1/seatservice/seats/left_tickets
1675078778172000000,ts-seat-service-5c95b49cff-mxdsg,ts-order-other-service-6cdbf9b4cc-swvb5,/api/v1/orderOtherService/orderOther/tickets
1675078778212000000,ts-seat-service-5c95b49cff-mxdsg,ts-config-service-5fcd447d84-9qltf,/api/v1/configservice/configs/{configName}
1675078778295000000,ts-preserve-other-service-66646bdb5b-l8hp6,ts-basic-service-5dc8d4f9fd-llznp,/api/v1/basicservice/basic/travel
1675078778297000000,ts-basic-service-5dc8d4f9fd-llznp,ts-station-service-7f4f5f6f77-hp2zq,/api/v1/stationservice/stations/id/{stationNameForId}
1675078778302000000,ts-basic-service-5dc8d4f9fd-llznp,ts-station-service-7f4f5f6f77-hp2zq,/api/v1/stationservice/stations/id/{stationNameForId}
1675078778305000000,ts-basic-service-5dc8d4f9fd-llznp,ts-train-service-86f5f97bc9-tlpss,/api/v1/trainservice/trains/byName/{name}
1675078778310000000,ts-basic-service-5dc8d4f9fd-llznp,ts-route-service-b6c59fb57-dz9bw,/api/v1/routeservice/routes/{routeId}
1675078778325000000,ts-basic-service-5dc8d4f9fd-llznp,ts-price-service-76846864d9-nmjz7,/api/v1/priceservice/prices/{routeId}/{trainType}
1675078778336000000,ts-preserve-other-service-66646bdb5b-l8hp6,ts-seat-service-5c95b49cff-mxdsg,/api/v1/seatservice/seats
1675078778342000000,ts-seat-service-5c95b49cff-mxdsg,ts-order-other-service-6cdbf9b4cc-swvb5,/api/v1/orderOtherService/orderOther/tickets
1675078778380000000,ts-preserve-other-service-66646bdb5b-l8hp6,ts-order-other-service-6cdbf9b4cc-swvb5,/api/v1/orderOtherService/orderOther
1675078778395000000,ts-preserve-other-service-66646bdb5b-l8hp6,ts-user-service-687d654649-f8jtd,/api/v1/userservice/users/id/{userId}
1675078779721000000,ts-gateway-service-6f6cfc45b-d9pnv,ts-travel2-service-5c66d57d58-zxw8n,/api/v1/travel2service/trips/left
1675078779729000000,ts-travel2-service-5c66d57d58-zxw8n,ts-basic-service-5dc8d4f9fd-llznp,/api/v1/basicservice/basic/travels
1675078779732000000,ts-basic-service-5dc8d4f9fd-llznp,ts-station-service-7f4f5f6f77-hp2zq,/api/v1/stationservice/stations/idlist
1675078779741000000,ts-basic-service-5dc8d4f9fd-llznp,ts-train-service-86f5f97bc9-tlpss,/api/v1/trainservice/trains/byNames
1675078779747000000,ts-basic-service-5dc8d4f9fd-llznp,ts-route-service-b6c59fb57-dz9bw,/api/v1/routeservice/routes/byIds/
1675078779765000000,ts-basic-service-5dc8d4f9fd-llznp,ts-price-service-76846864d9-nmjz7,/api/v1/priceservice/prices/byRouteIdsAndTrainTypes
1675078779789000000,ts-travel2-service-5c66d57d58-zxw8n,ts-seat-service-5c95b49cff-mxdsg,/api/v1/seatservice/seats/left_tickets
1675078779795000000,ts-seat-service-5c95b49cff-mxdsg,ts-order-other-service-6cdbf9b4cc-swvb5,/api/v1/orderOtherService/orderOther/tickets
1675078779820000000,ts-seat-service-5c95b49cff-mxdsg,ts-config-service-5fcd447d84-9qltf,/api/v1/configservice/configs/{configName}
1675078779829000000,ts-travel2-service-5c66d57d58-zxw8n,ts-seat-service-5c95b49cff-mxdsg,/api/v1/seatservice/seats/left_tickets
1675078779833000000,ts-seat-service-5c95b49cff-mxdsg,ts-order-other-service-6cdbf9b4cc-swvb5,/api/v1/orderOtherService/orderOther/tickets
1675078779838000000,ts-seat-service-5c95b49cff-mxdsg,ts-config-service-5fcd447d84-9qltf,/api/v1/configservice/configs/{configName}
1675078781003000000,ts-gateway-service-6f6cfc45b-d9pnv,ts-auth-service-7f8d7d756d-kzp47,/api/v1/users/login
1675078781011000000,ts-auth-service-7f8d7d756d-kzp47,ts-verification-code-service-7b6dc75c45-r66rb,/api/v1/verifycode/verify/{verifyCode}
1675078782756000000,ts-gateway-service-6f6cfc45b-d9pnv,ts-travel2-service-5c66d57d58-zxw8n,/api/v1/travel2service/trips/left
1675078782764000000,ts-travel2-service-5c66d57d58-zxw8n,ts-basic-service-5dc8d4f9fd-llznp,/api/v1/basicservice/basic/travels
1675078782768000000,ts-basic-service-5dc8d4f9fd-llznp,ts-station-service-7f4f5f6f77-hp2zq,/api/v1/stationservice/stations/idlist
1675078782775000000,ts-basic-service-5dc8d4f9fd-llznp,ts-train-service-86f5f97bc9-tlpss,/api/v1/trainservice/trains/byNames
1675078782783000000,ts-basic-service-5dc8d4f9fd-llznp,ts-route-service-b6c59fb57-dz9bw,/api/v1/routeservice/routes/byIds/
1675078782802000000,ts-basic-service-5dc8d4f9fd-llznp,ts-price-service-76846864d9-nmjz7,/api/v1/priceservice/prices/byRouteIdsAndTrainTypes
1675078782814000000,ts-travel2-service-5c66d57d58-zxw8n,ts-seat-service-5c95b49cff-mxdsg,/api/v1/seatservice/seats/left_tickets
1675078782821000000,ts-seat-service-5c95b49cff-mxdsg,ts-order-other-service-6cdbf9b4cc-swvb5,/api/v1/orderOtherService/orderOther/tickets
1675078782831000000,ts-seat-service-5c95b49cff-mxdsg,ts-config-service-5fcd447d84-9qltf,/api/v1/configservice/configs/{configName}
1675078783061000000,ts-travel2-service-5c66d57d58-zxw8n,ts-seat-service-5c95b49cff-mxdsg,/api/v1/seatservice/seats/left_tickets
1675078783065000000,ts-seat-service-5c95b49cff-mxdsg,ts-order-other-service-6cdbf9b4cc-swvb5,/api/v1/orderOtherService/orderOther/tickets
1675078783071000000,ts-seat-service-5c95b49cff-mxdsg,ts-config-service-5fcd447d84-9qltf,/api/v1/configservice/configs/{configName}
1675078784858000000,ts-gateway-service-6f6cfc45b-d9pnv,ts-travel-service-64469b5b48-5rjvb,/api/v1/travelservice/trips/left
1675078785476000000,ts-gateway-service-6f6cfc45b-d9pnv,ts-auth-service-7f8d7d756d-kzp47,/api/v1/users/login
1675078785482000000,ts-auth-service-7f8d7d756d-kzp47,ts-verification-code-service-7b6dc75c45-r66rb,/api/v1/verifycode/verify/{verifyCode}
1675078785832000000,ts-gateway-service-6f6cfc45b-d9pnv,ts-travel-service-64469b5b48-5rjvb,/api/v1/travelservice/trips/left
1675078786348000000,ts-gateway-service-6f6cfc45b-d9pnv,ts-travel2-service-5c66d57d58-zxw8n,/api/v1/travel2service/trips/left
1675078786356000000,ts-travel2-service-5c66d57d58-zxw8n,ts-basic-service-5dc8d4f9fd-llznp,/api/v1/basicservice/basic/travels
1675078786360000000,ts-basic-service-5dc8d4f9fd-llznp,ts-station-service-7f4f5f6f77-hp2zq,/api/v1/stationservice/stations/idlist
1675078786367000000,ts-basic-service-5dc8d4f9fd-llznp,ts-train-service-86f5f97bc9-tlpss,/api/v1/trainservice/trains/byNames
1675078786375000000,ts-basic-service-5dc8d4f9fd-llznp,ts-route-service-b6c59fb57-dz9bw,/api/v1/routeservice/routes/byIds/
1675078786396000000,ts-basic-service-5dc8d4f9fd-llznp,ts-price-service-76846864d9-nmjz7,/api/v1/priceservice/prices/byRouteIdsAndTrainTypes
1675078786445000000,ts-travel2-service-5c66d57d58-zxw8n,ts-seat-service-5c95b49cff-mxdsg,/api/v1/seatservice/seats/left_tickets
1675078786451000000,ts-seat-service-5c95b49cff-mxdsg,ts-order-other-service-6cdbf9b4cc-swvb5,/api/v1/orderOtherService/orderOther/tickets
1675078786459000000,ts-seat-service-5c95b49cff-mxdsg,ts-config-service-5fcd447d84-9qltf,/api/v1/configservice/configs/{configName}
1675078786468000000,ts-travel2-service-5c66d57d58-zxw8n,ts-seat-service-5c95b49cff-mxdsg,/api/v1/seatservice/seats/left_tickets
1675078786472000000,ts-seat-service-5c95b49cff-mxdsg,ts-order-other-service-6cdbf9b4cc-swvb5,/api/v1/orderOtherService/orderOther/tickets
1675078786477000000,ts-seat-service-5c95b49cff-mxdsg,ts-config-service-5fcd447d84-9qltf,/api/v1/configservice/configs/{configName}
1675078789502000000,ts-gateway-service-6f6cfc45b-d9pnv,ts-execute-service-775f544d9-tmwcv,/api/v1/executeservice/execute/collected/{orderId}
1675078789509000000,ts-execute-service-775f544d9-tmwcv,ts-order-service-5b67c48447-fj8b7,/api/v1/orderservice/order/{orderId}
1675078789516000000,ts-execute-service-775f544d9-tmwcv,ts-order-service-5b67c48447-fj8b7,/api/v1/orderservice/order/status/{orderId}/{status}
1675078790695000000,ts-gateway-service-6f6cfc45b-d9pnv,ts-travel2-service-5c66d57d58-zxw8n,/api/v1/travel2service/trips/left
1675078790704000000,ts-travel2-service-5c66d57d58-zxw8n,ts-basic-service-5dc8d4f9fd-llznp,/api/v1/basicservice/basic/travels
1675078790709000000,ts-basic-service-5dc8d4f9fd-llznp,ts-station-service-7f4f5f6f77-hp2zq,/api/v1/stationservice/stations/idlist
1675078790716000000,ts-basic-service-5dc8d4f9fd-llznp,ts-train-service-86f5f97bc9-tlpss,/api/v1/trainservice/trains/byNames
1675078790724000000,ts-basic-service-5dc8d4f9fd-llznp,ts-route-service-b6c59fb57-dz9bw,/api/v1/routeservice/routes/byIds/
1675078790743000000,ts-basic-service-5dc8d4f9fd-llznp,ts-price-service-76846864d9-nmjz7,/api/v1/priceservice/prices/byRouteIdsAndTrainTypes
1675078790758000000,ts-travel2-service-5c66d57d58-zxw8n,ts-seat-service-5c95b49cff-mxdsg,/api/v1/seatservice/seats/left_tickets
1675078790770000000,ts-seat-service-5c95b49cff-mxdsg,ts-order-other-service-6cdbf9b4cc-swvb5,/api/v1/orderOtherService/orderOther/tickets
1675078790797000000,ts-seat-service-5c95b49cff-mxdsg,ts-config-service-5fcd447d84-9qltf,/api/v1/configservice/configs/{configName}
1675078790806000000,ts-travel2-service-5c66d57d58-zxw8n,ts-seat-service-5c95b49cff-mxdsg,/api/v1/seatservice/seats/left_tickets
1675078790810000000,ts-seat-service-5c95b49cff-mxdsg,ts-order-other-service-6cdbf9b4cc-swvb5,/api/v1/orderOtherService/orderOther/tickets
1675078790815000000,ts-seat-service-5c95b49cff-mxdsg,ts-config-service-5fcd447d84-9qltf,/api/v1/configservice/configs/{configName}
1675078791140000000,ts-gateway-service-6f6cfc45b-d9pnv,ts-travel-service-64469b5b48-5rjvb,/api/v1/travelservice/trips/left
1675078791188000000,ts-gateway-service-6f6cfc45b-d9pnv,ts-travel-service-64469b5b48-5rjvb,/api/v1/travelservice/trips/left
